"station_id","station_name","parameter_code","parameter_name","unit_source","observed_at","value_c","value_f","qualifier"
"09085000","ROARING FORK RIVER AT GLENWOOD SPRINGS, CO.","00010","Water temperature","deg C","2026-03-19T16:00:00.000-06:00","12.1","53.78","P"
"09085000","ROARING FORK RIVER AT GLENWOOD SPRINGS, CO.","00010","Water temperature","deg C","2026-03-19T16:15:00.000-06:00","12.3","54.14","P"
"09085000","ROARING FORK RIVER AT GLENWOOD SPRINGS, CO.","00010","Water temperature","deg C","2026-03-19T16:30:00.000-06:00","12.4","54.32","P"
"09085000","ROARING FORK RIVER AT GLENWOOD SPRINGS, CO.","00010","Water temperature","deg C","2026-03-19T16:45:00.000-06:00","12.5","54.5","P"
"09085000","ROARING FORK RIVER AT GLENWOOD SPRINGS, CO.","00010","Water temperature","deg C","2026-03-19T17:00:00.000-06:00","12.5","54.5","P"
"09085000","ROARING FORK RIVER AT GLENWOOD SPRINGS, CO.","00010","Water temperature","deg C","2026-03-19T17:15:00.000-06:00","12.6","54.68","P"
"09085000","ROARING FORK RIVER AT GLENWOOD SPRINGS, CO.","00010","Water temperature","deg C","2026-03-19T17:30:00.000-06:00","12.6","54.68","P"
"09085000","ROARING FORK RIVER AT GLENWOOD SPRINGS, CO.","00010","Water temperature","deg C","2026-03-19T17:45:00.000-06:00","12.6","54.68","P"
"09085000","ROARING FORK RIVER AT GLENWOOD SPRINGS, CO.","00010","Water temperature","deg C","2026-03-19T18:00:00.000-06:00","12.6","54.68","P"
"09085000","ROARING FORK RIVER AT GLENWOOD SPRINGS, CO.","00010","Water temperature","deg C","2026-03-19T18:15:00.000-06:00","12.5","54.5","P"
"09085000","ROARING FORK RIVER AT GLENWOOD SPRINGS, CO.","00010","Water temperature","deg C","2026-03-19T18:30:00.000-06:00","12.4","54.32","P"
"09085000","ROARING FORK RIVER AT GLENWOOD SPRINGS, CO.","00010","Water temperature","deg C","2026-03-19T18:45:00.000-06:00","12.4","54.32","P"
"09085000","ROARING FORK RIVER AT GLENWOOD SPRINGS, CO.","00010","Water temperature","deg C","2026-03-19T19:00:00.000-06:00","12.5","54.5","P"
"09085000","ROARING FORK RIVER AT GLENWOOD SPRINGS, CO.","00010","Water temperature","deg C","2026-03-19T19:15:00.000-06:00","12.5","54.5","P"
"09085000","ROARING FORK RIVER AT GLENWOOD SPRINGS, CO.","00010","Water temperature","deg C","2026-03-19T19:30:00.000-06:00","12.5","54.5","P"
"09085000","ROARING FORK RIVER AT GLENWOOD SPRINGS, CO.","00010","Water temperature","deg C","2026-03-19T19:45:00.000-06:00","12.5","54.5","P"
"09085000","ROARING FORK RIVER AT GLENWOOD SPRINGS, CO.","00010","Water temperature","deg C","2026-03-19T20:00:00.000-06:00","12.5","54.5","P"
"09085000","ROARING FORK RIVER AT GLENWOOD SPRINGS, CO.","00010","Water temperature","deg C","2026-03-19T20:15:00.000-06:00","12.5","54.5","P"
"09085000","ROARING FORK RIVER AT GLENWOOD SPRINGS, CO.","00010","Water temperature","deg C","2026-03-19T20:30:00.000-06:00","12.5","54.5","P"
"09085000","ROARING FORK RIVER AT GLENWOOD SPRINGS, CO.","00010","Water temperature","deg C","2026-03-19T20:45:00.000-06:00","12.5","54.5","P"
"09085000","ROARING FORK RIVER AT GLENWOOD SPRINGS, CO.","00010","Water temperature","deg C","2026-03-19T21:00:00.000-06:00","12.4","54.32","P"
"09085000","ROARING FORK RIVER AT GLENWOOD SPRINGS, CO.","00010","Water temperature","deg C","2026-03-19T21:15:00.000-06:00","12.4","54.32","P"
"09085000","ROARING FORK RIVER AT GLENWOOD SPRINGS, CO.","00010","Water temperature","deg C","2026-03-19T21:30:00.000-06:00","12.4","54.32","P"
"09085000","ROARING FORK RIVER AT GLENWOOD SPRINGS, CO.","00010","Water temperature","deg C","2026-03-19T21:45:00.000-06:00","12.3","54.14","P"
"09085000","ROARING FORK RIVER AT GLENWOOD SPRINGS, CO.","00010","Water temperature","deg C","2026-03-19T22:00:00.000-06:00","12.3","54.14","P"
"09085000","ROARING FORK RIVER AT GLENWOOD SPRINGS, CO.","00010","Water temperature","deg C","2026-03-19T22:15:00.000-06:00","12.2","53.96","P"
"09085000","ROARING FORK RIVER AT GLENWOOD SPRINGS, CO.","00010","Water temperature","deg C","2026-03-19T22:30:00.000-06:00","12.2","53.96","P"
"09085000","ROARING FORK RIVER AT GLENWOOD SPRINGS, CO.","00010","Water temperature","deg C","2026-03-19T22:45:00.000-06:00","12.2","53.96","P"
"09085000","ROARING FORK RIVER AT GLENWOOD SPRINGS, CO.","00010","Water temperature","deg C","2026-03-19T23:00:00.000-06:00","12.1","53.78","P"
"09085000","ROARING FORK RIVER AT GLENWOOD SPRINGS, CO.","00010","Water temperature","deg C","2026-03-19T23:15:00.000-06:00","12","53.6","P"
"09085000","ROARING FORK RIVER AT GLENWOOD SPRINGS, CO.","00010","Water temperature","deg C","2026-03-19T23:30:00.000-06:00","11.9","53.42","P"
"09085000","ROARING FORK RIVER AT GLENWOOD SPRINGS, CO.","00010","Water temperature","deg C","2026-03-19T23:45:00.000-06:00","11.9","53.42","P"
"09085000","ROARING FORK RIVER AT GLENWOOD SPRINGS, CO.","00010","Water temperature","deg C","2026-03-20T00:00:00.000-06:00","11.8","53.24","P"
"09085000","ROARING FORK RIVER AT GLENWOOD SPRINGS, CO.","00010","Water temperature","deg C","2026-03-20T00:15:00.000-06:00","11.7","53.06","P"
"09085000","ROARING FORK RIVER AT GLENWOOD SPRINGS, CO.","00010","Water temperature","deg C","2026-03-20T00:30:00.000-06:00","11.6","52.88","P"
"09085000","ROARING FORK RIVER AT GLENWOOD SPRINGS, CO.","00010","Water temperature","deg C","2026-03-20T00:45:00.000-06:00","11.5","52.7","P"
"09085000","ROARING FORK RIVER AT GLENWOOD SPRINGS, CO.","00010","Water temperature","deg C","2026-03-20T01:00:00.000-06:00","11.4","52.52","P"
"09085000","ROARING FORK RIVER AT GLENWOOD SPRINGS, CO.","00010","Water temperature","deg C","2026-03-20T01:15:00.000-06:00","11.2","52.16","P"
"09085000","ROARING FORK RIVER AT GLENWOOD SPRINGS, CO.","00010","Water temperature","deg C","2026-03-20T01:30:00.000-06:00","11.1","51.98","P"
"09085000","ROARING FORK RIVER AT GLENWOOD SPRINGS, CO.","00010","Water temperature","deg C","2026-03-20T01:45:00.000-06:00","11","51.8","P"
"09085000","ROARING FORK RIVER AT GLENWOOD SPRINGS, CO.","00010","Water temperature","deg C","2026-03-20T02:00:00.000-06:00","10.9","51.62","P"
"09085000","ROARING FORK RIVER AT GLENWOOD SPRINGS, CO.","00010","Water temperature","deg C","2026-03-20T02:15:00.000-06:00","10.7","51.26","P"
"09085000","ROARING FORK RIVER AT GLENWOOD SPRINGS, CO.","00010","Water temperature","deg C","2026-03-20T02:30:00.000-06:00","10.5","50.9","P"
"09085000","ROARING FORK RIVER AT GLENWOOD SPRINGS, CO.","00010","Water temperature","deg C","2026-03-20T02:45:00.000-06:00","10.4","50.72","P"
"09085000","ROARING FORK RIVER AT GLENWOOD SPRINGS, CO.","00010","Water temperature","deg C","2026-03-20T03:00:00.000-06:00","10.3","50.54","P"
"09085000","ROARING FORK RIVER AT GLENWOOD SPRINGS, CO.","00010","Water temperature","deg C","2026-03-20T03:15:00.000-06:00","10.1","50.18","P"
"09085000","ROARING FORK RIVER AT GLENWOOD SPRINGS, CO.","00010","Water temperature","deg C","2026-03-20T03:30:00.000-06:00","10","50","P"
"09085000","ROARING FORK RIVER AT GLENWOOD SPRINGS, CO.","00010","Water temperature","deg C","2026-03-20T03:45:00.000-06:00","9.9","49.82","P"
"09085000","ROARING FORK RIVER AT GLENWOOD SPRINGS, CO.","00010","Water temperature","deg C","2026-03-20T04:00:00.000-06:00","9.8","49.64","P"
"09085000","ROARING FORK RIVER AT GLENWOOD SPRINGS, CO.","00010","Water temperature","deg C","2026-03-20T04:15:00.000-06:00","9.6","49.28","P"
"09085000","ROARING FORK RIVER AT GLENWOOD SPRINGS, CO.","00010","Water temperature","deg C","2026-03-20T04:30:00.000-06:00","9.6","49.28","P"
"09085000","ROARING FORK RIVER AT GLENWOOD SPRINGS, CO.","00010","Water temperature","deg C","2026-03-20T04:45:00.000-06:00","9.4","48.92","P"
"09085000","ROARING FORK RIVER AT GLENWOOD SPRINGS, CO.","00010","Water temperature","deg C","2026-03-20T05:00:00.000-06:00","9.3","48.74","P"
"09085000","ROARING FORK RIVER AT GLENWOOD SPRINGS, CO.","00010","Water temperature","deg C","2026-03-20T05:15:00.000-06:00","9.2","48.56","P"
"09085000","ROARING FORK RIVER AT GLENWOOD SPRINGS, CO.","00010","Water temperature","deg C","2026-03-20T05:30:00.000-06:00","9.1","48.38","P"
"09085000","ROARING FORK RIVER AT GLENWOOD SPRINGS, CO.","00010","Water temperature","deg C","2026-03-20T05:45:00.000-06:00","9","48.2","P"
"09085000","ROARING FORK RIVER AT GLENWOOD SPRINGS, CO.","00010","Water temperature","deg C","2026-03-20T06:00:00.000-06:00","8.9","48.02","P"
"09085000","ROARING FORK RIVER AT GLENWOOD SPRINGS, CO.","00010","Water temperature","deg C","2026-03-20T06:15:00.000-06:00","8.7","47.66","P"
"09085000","ROARING FORK RIVER AT GLENWOOD SPRINGS, CO.","00010","Water temperature","deg C","2026-03-20T06:30:00.000-06:00","8.6","47.48","P"
"09085000","ROARING FORK RIVER AT GLENWOOD SPRINGS, CO.","00010","Water temperature","deg C","2026-03-20T06:45:00.000-06:00","8.5","47.3","P"
"09085000","ROARING FORK RIVER AT GLENWOOD SPRINGS, CO.","00010","Water temperature","deg C","2026-03-20T07:00:00.000-06:00","8.4","47.12","P"
"09085000","ROARING FORK RIVER AT GLENWOOD SPRINGS, CO.","00010","Water temperature","deg C","2026-03-20T07:15:00.000-06:00","8.3","46.94","P"
"09085000","ROARING FORK RIVER AT GLENWOOD SPRINGS, CO.","00010","Water temperature","deg C","2026-03-20T07:30:00.000-06:00","8.2","46.76","P"
"09085000","ROARING FORK RIVER AT GLENWOOD SPRINGS, CO.","00010","Water temperature","deg C","2026-03-20T07:45:00.000-06:00","8","46.4","P"
"09085000","ROARING FORK RIVER AT GLENWOOD SPRINGS, CO.","00010","Water temperature","deg C","2026-03-20T08:00:00.000-06:00","8","46.4","P"
"09085000","ROARING FORK RIVER AT GLENWOOD SPRINGS, CO.","00010","Water temperature","deg C","2026-03-20T08:15:00.000-06:00","7.9","46.22","P"
"09085000","ROARING FORK RIVER AT GLENWOOD SPRINGS, CO.","00010","Water temperature","deg C","2026-03-20T08:30:00.000-06:00","7.8","46.04","P"
"09085000","ROARING FORK RIVER AT GLENWOOD SPRINGS, CO.","00010","Water temperature","deg C","2026-03-20T08:45:00.000-06:00","7.8","46.04","P"
"09085000","ROARING FORK RIVER AT GLENWOOD SPRINGS, CO.","00010","Water temperature","deg C","2026-03-20T09:00:00.000-06:00","7.8","46.04","P"
"09085000","ROARING FORK RIVER AT GLENWOOD SPRINGS, CO.","00010","Water temperature","deg C","2026-03-20T09:15:00.000-06:00","7.8","46.04","P"
"09085000","ROARING FORK RIVER AT GLENWOOD SPRINGS, CO.","00010","Water temperature","deg C","2026-03-20T09:30:00.000-06:00","7.9","46.22","P"
"09085000","ROARING FORK RIVER AT GLENWOOD SPRINGS, CO.","00010","Water temperature","deg C","2026-03-20T09:45:00.000-06:00","8","46.4","P"
"09085000","ROARING FORK RIVER AT GLENWOOD SPRINGS, CO.","00010","Water temperature","deg C","2026-03-20T10:00:00.000-06:00","8.1","46.58","P"
"09085000","ROARING FORK RIVER AT GLENWOOD SPRINGS, CO.","00010","Water temperature","deg C","2026-03-20T10:15:00.000-06:00","8.3","46.94","P"
"09085000","ROARING FORK RIVER AT GLENWOOD SPRINGS, CO.","00010","Water temperature","deg C","2026-03-20T10:30:00.000-06:00","8.4","47.12","P"
"09085000","ROARING FORK RIVER AT GLENWOOD SPRINGS, CO.","00010","Water temperature","deg C","2026-03-20T10:45:00.000-06:00","8.6","47.48","P"
"09085000","ROARING FORK RIVER AT GLENWOOD SPRINGS, CO.","00010","Water temperature","deg C","2026-03-20T11:00:00.000-06:00","8.8","47.84","P"
"09085000","ROARING FORK RIVER AT GLENWOOD SPRINGS, CO.","00010","Water temperature","deg C","2026-03-20T11:15:00.000-06:00","9","48.2","P"
"09085000","ROARING FORK RIVER AT GLENWOOD SPRINGS, CO.","00010","Water temperature","deg C","2026-03-20T11:30:00.000-06:00","9.2","48.56","P"
"09085000","ROARING FORK RIVER AT GLENWOOD SPRINGS, CO.","00010","Water temperature","deg C","2026-03-20T11:45:00.000-06:00","9.4","48.92","P"
"09085000","ROARING FORK RIVER AT GLENWOOD SPRINGS, CO.","00010","Water temperature","deg C","2026-03-20T12:00:00.000-06:00","9.6","49.28","P"
"09085000","ROARING FORK RIVER AT GLENWOOD SPRINGS, CO.","00010","Water temperature","deg C","2026-03-20T12:15:00.000-06:00","9.9","49.82","P"
"09085000","ROARING FORK RIVER AT GLENWOOD SPRINGS, CO.","00010","Water temperature","deg C","2026-03-20T12:30:00.000-06:00","10.1","50.18","P"
"09085000","ROARING FORK RIVER AT GLENWOOD SPRINGS, CO.","00010","Water temperature","deg C","2026-03-20T12:45:00.000-06:00","10.4","50.72","P"
"09085000","ROARING FORK RIVER AT GLENWOOD SPRINGS, CO.","00010","Water temperature","deg C","2026-03-20T13:00:00.000-06:00","10.6","51.08","P"
"09085000","ROARING FORK RIVER AT GLENWOOD SPRINGS, CO.","00010","Water temperature","deg C","2026-03-20T13:15:00.000-06:00","10.8","51.44","P"
"09085000","ROARING FORK RIVER AT GLENWOOD SPRINGS, CO.","00010","Water temperature","deg C","2026-03-20T13:30:00.000-06:00","11.1","51.98","P"
"09085000","ROARING FORK RIVER AT GLENWOOD SPRINGS, CO.","00010","Water temperature","deg C","2026-03-20T13:45:00.000-06:00","11.3","52.34","P"
"09085000","ROARING FORK RIVER AT GLENWOOD SPRINGS, CO.","00010","Water temperature","deg C","2026-03-20T14:00:00.000-06:00","11.6","52.88","P"
"09085000","ROARING FORK RIVER AT GLENWOOD SPRINGS, CO.","00010","Water temperature","deg C","2026-03-20T14:15:00.000-06:00","11.8","53.24","P"
"09085000","ROARING FORK RIVER AT GLENWOOD SPRINGS, CO.","00010","Water temperature","deg C","2026-03-20T14:30:00.000-06:00","11.9","53.42","P"
"09085000","ROARING FORK RIVER AT GLENWOOD SPRINGS, CO.","00010","Water temperature","deg C","2026-03-20T14:45:00.000-06:00","12.1","53.78","P"
"09085000","ROARING FORK RIVER AT GLENWOOD SPRINGS, CO.","00010","Water temperature","deg C","2026-03-20T15:00:00.000-06:00","12.3","54.14","P"
"09085000","ROARING FORK RIVER AT GLENWOOD SPRINGS, CO.","00010","Water temperature","deg C","2026-03-20T15:15:00.000-06:00","12.4","54.32","P"
"09085000","ROARING FORK RIVER AT GLENWOOD SPRINGS, CO.","00010","Water temperature","deg C","2026-03-20T15:30:00.000-06:00","12.6","54.68","P"
"09085000","ROARING FORK RIVER AT GLENWOOD SPRINGS, CO.","00010","Water temperature","deg C","2026-03-20T15:45:00.000-06:00","12.7","54.86","P"
"09085000","ROARING FORK RIVER AT GLENWOOD SPRINGS, CO.","00010","Water temperature","deg C","2026-03-20T16:00:00.000-06:00","12.8","55.04","P"
"09085000","ROARING FORK RIVER AT GLENWOOD SPRINGS, CO.","00010","Water temperature","deg C","2026-03-20T16:15:00.000-06:00","12.9","55.22","P"
"09085000","ROARING FORK RIVER AT GLENWOOD SPRINGS, CO.","00010","Water temperature","deg C","2026-03-20T16:30:00.000-06:00","13","55.4","P"
"09085000","ROARING FORK RIVER AT GLENWOOD SPRINGS, CO.","00010","Water temperature","deg C","2026-03-20T16:45:00.000-06:00","13.1","55.58","P"
"09085000","ROARING FORK RIVER AT GLENWOOD SPRINGS, CO.","00010","Water temperature","deg C","2026-03-20T17:00:00.000-06:00","13.2","55.76","P"
"09085000","ROARING FORK RIVER AT GLENWOOD SPRINGS, CO.","00010","Water temperature","deg C","2026-03-20T17:15:00.000-06:00","13.2","55.76","P"
"09085000","ROARING FORK RIVER AT GLENWOOD SPRINGS, CO.","00010","Water temperature","deg C","2026-03-20T17:30:00.000-06:00","13.2","55.76","P"
"09085000","ROARING FORK RIVER AT GLENWOOD SPRINGS, CO.","00010","Water temperature","deg C","2026-03-20T17:45:00.000-06:00","13.2","55.76","P"
"09085000","ROARING FORK RIVER AT GLENWOOD SPRINGS, CO.","00010","Water temperature","deg C","2026-03-20T18:00:00.000-06:00","13.1","55.58","P"
"09085000","ROARING FORK RIVER AT GLENWOOD SPRINGS, CO.","00010","Water temperature","deg C","2026-03-20T18:15:00.000-06:00","13.1","55.58","P"
"09085000","ROARING FORK RIVER AT GLENWOOD SPRINGS, CO.","00010","Water temperature","deg C","2026-03-20T18:30:00.000-06:00","13","55.4","P"
"09085000","ROARING FORK RIVER AT GLENWOOD SPRINGS, CO.","00010","Water temperature","deg C","2026-03-20T18:45:00.000-06:00","13.1","55.58","P"
"09085000","ROARING FORK RIVER AT GLENWOOD SPRINGS, CO.","00010","Water temperature","deg C","2026-03-20T19:00:00.000-06:00","13","55.4","P"
"09085000","ROARING FORK RIVER AT GLENWOOD SPRINGS, CO.","00010","Water temperature","deg C","2026-03-20T19:15:00.000-06:00","13.1","55.58","P"
"09085000","ROARING FORK RIVER AT GLENWOOD SPRINGS, CO.","00010","Water temperature","deg C","2026-03-20T19:30:00.000-06:00","13.1","55.58","P"
"09085000","ROARING FORK RIVER AT GLENWOOD SPRINGS, CO.","00010","Water temperature","deg C","2026-03-20T19:45:00.000-06:00","13.1","55.58","P"
"09085000","ROARING FORK RIVER AT GLENWOOD SPRINGS, CO.","00010","Water temperature","deg C","2026-03-20T20:00:00.000-06:00","13.1","55.58","P"
"09085000","ROARING FORK RIVER AT GLENWOOD SPRINGS, CO.","00010","Water temperature","deg C","2026-03-20T20:15:00.000-06:00","13","55.4","P"
"09085000","ROARING FORK RIVER AT GLENWOOD SPRINGS, CO.","00010","Water temperature","deg C","2026-03-20T20:30:00.000-06:00","13","55.4","P"
"09085000","ROARING FORK RIVER AT GLENWOOD SPRINGS, CO.","00010","Water temperature","deg C","2026-03-20T20:45:00.000-06:00","12.9","55.22","P"
"09085000","ROARING FORK RIVER AT GLENWOOD SPRINGS, CO.","00010","Water temperature","deg C","2026-03-20T21:00:00.000-06:00","12.8","55.04","P"
"09085000","ROARING FORK RIVER AT GLENWOOD SPRINGS, CO.","00010","Water temperature","deg C","2026-03-20T21:15:00.000-06:00","12.8","55.04","P"
"09085000","ROARING FORK RIVER AT GLENWOOD SPRINGS, CO.","00010","Water temperature","deg C","2026-03-20T21:30:00.000-06:00","12.8","55.04","P"
"09085000","ROARING FORK RIVER AT GLENWOOD SPRINGS, CO.","00010","Water temperature","deg C","2026-03-20T21:45:00.000-06:00","12.7","54.86","P"
"09085000","ROARING FORK RIVER AT GLENWOOD SPRINGS, CO.","00010","Water temperature","deg C","2026-03-20T22:00:00.000-06:00","12.6","54.68","P"
"09085000","ROARING FORK RIVER AT GLENWOOD SPRINGS, CO.","00010","Water temperature","deg C","2026-03-20T22:15:00.000-06:00","12.6","54.68","P"
"09085000","ROARING FORK RIVER AT GLENWOOD SPRINGS, CO.","00010","Water temperature","deg C","2026-03-20T22:30:00.000-06:00","12.5","54.5","P"
"09085000","ROARING FORK RIVER AT GLENWOOD SPRINGS, CO.","00010","Water temperature","deg C","2026-03-20T22:45:00.000-06:00","12.4","54.32","P"
"09085000","ROARING FORK RIVER AT GLENWOOD SPRINGS, CO.","00010","Water temperature","deg C","2026-03-20T23:00:00.000-06:00","12.3","54.14","P"
"09085000","ROARING FORK RIVER AT GLENWOOD SPRINGS, CO.","00010","Water temperature","deg C","2026-03-20T23:15:00.000-06:00","12.2","53.96","P"
"09085000","ROARING FORK RIVER AT GLENWOOD SPRINGS, CO.","00010","Water temperature","deg C","2026-03-20T23:30:00.000-06:00","12.1","53.78","P"
"09085000","ROARING FORK RIVER AT GLENWOOD SPRINGS, CO.","00010","Water temperature","deg C","2026-03-20T23:45:00.000-06:00","12","53.6","P"
"09085000","ROARING FORK RIVER AT GLENWOOD SPRINGS, CO.","00010","Water temperature","deg C","2026-03-21T00:00:00.000-06:00","11.9","53.42","P"
"09085000","ROARING FORK RIVER AT GLENWOOD SPRINGS, CO.","00010","Water temperature","deg C","2026-03-21T00:15:00.000-06:00","11.8","53.24","P"
"09085000","ROARING FORK RIVER AT GLENWOOD SPRINGS, CO.","00010","Water temperature","deg C","2026-03-21T00:30:00.000-06:00","11.7","53.06","P"
"09085000","ROARING FORK RIVER AT GLENWOOD SPRINGS, CO.","00010","Water temperature","deg C","2026-03-21T00:45:00.000-06:00","11.6","52.88","P"
"09085000","ROARING FORK RIVER AT GLENWOOD SPRINGS, CO.","00010","Water temperature","deg C","2026-03-21T01:00:00.000-06:00","11.4","52.52","P"
"09085000","ROARING FORK RIVER AT GLENWOOD SPRINGS, CO.","00010","Water temperature","deg C","2026-03-21T01:15:00.000-06:00","11.3","52.34","P"
"09085000","ROARING FORK RIVER AT GLENWOOD SPRINGS, CO.","00010","Water temperature","deg C","2026-03-21T01:30:00.000-06:00","11.2","52.16","P"
"09085000","ROARING FORK RIVER AT GLENWOOD SPRINGS, CO.","00010","Water temperature","deg C","2026-03-21T01:45:00.000-06:00","11","51.8","P"
"09085000","ROARING FORK RIVER AT GLENWOOD SPRINGS, CO.","00010","Water temperature","deg C","2026-03-21T02:00:00.000-06:00","10.9","51.62","P"
"09085000","ROARING FORK RIVER AT GLENWOOD SPRINGS, CO.","00010","Water temperature","deg C","2026-03-21T02:15:00.000-06:00","10.7","51.26","P"
"09085000","ROARING FORK RIVER AT GLENWOOD SPRINGS, CO.","00010","Water temperature","deg C","2026-03-21T02:30:00.000-06:00","10.6","51.08","P"
"09085000","ROARING FORK RIVER AT GLENWOOD SPRINGS, CO.","00010","Water temperature","deg C","2026-03-21T02:45:00.000-06:00","10.4","50.72","P"
"09085000","ROARING FORK RIVER AT GLENWOOD SPRINGS, CO.","00010","Water temperature","deg C","2026-03-21T03:00:00.000-06:00","10.3","50.54","P"
"09085000","ROARING FORK RIVER AT GLENWOOD SPRINGS, CO.","00010","Water temperature","deg C","2026-03-21T03:15:00.000-06:00","10.2","50.36","P"
"09085000","ROARING FORK RIVER AT GLENWOOD SPRINGS, CO.","00010","Water temperature","deg C","2026-03-21T03:30:00.000-06:00","10.1","50.18","P"
"09085000","ROARING FORK RIVER AT GLENWOOD SPRINGS, CO.","00010","Water temperature","deg C","2026-03-21T03:45:00.000-06:00","9.9","49.82","P"
"09085000","ROARING FORK RIVER AT GLENWOOD SPRINGS, CO.","00010","Water temperature","deg C","2026-03-21T04:00:00.000-06:00","9.8","49.64","P"
"09085000","ROARING FORK RIVER AT GLENWOOD SPRINGS, CO.","00010","Water temperature","deg C","2026-03-21T04:15:00.000-06:00","9.7","49.46","P"
"09085000","ROARING FORK RIVER AT GLENWOOD SPRINGS, CO.","00010","Water temperature","deg C","2026-03-21T04:30:00.000-06:00","9.6","49.28","P"
"09085000","ROARING FORK RIVER AT GLENWOOD SPRINGS, CO.","00010","Water temperature","deg C","2026-03-21T04:45:00.000-06:00","9.4","48.92","P"
"09085000","ROARING FORK RIVER AT GLENWOOD SPRINGS, CO.","00010","Water temperature","deg C","2026-03-21T05:00:00.000-06:00","9.3","48.74","P"
"09085000","ROARING FORK RIVER AT GLENWOOD SPRINGS, CO.","00010","Water temperature","deg C","2026-03-21T05:15:00.000-06:00","9.2","48.56","P"
"09085000","ROARING FORK RIVER AT GLENWOOD SPRINGS, CO.","00010","Water temperature","deg C","2026-03-21T05:30:00.000-06:00","9.1","48.38","P"
"09085000","ROARING FORK RIVER AT GLENWOOD SPRINGS, CO.","00010","Water temperature","deg C","2026-03-21T05:45:00.000-06:00","9","48.2","P"
"09085000","ROARING FORK RIVER AT GLENWOOD SPRINGS, CO.","00010","Water temperature","deg C","2026-03-21T06:00:00.000-06:00","8.9","48.02","P"
"09085000","ROARING FORK RIVER AT GLENWOOD SPRINGS, CO.","00010","Water temperature","deg C","2026-03-21T06:15:00.000-06:00","8.7","47.66","P"
"09085000","ROARING FORK RIVER AT GLENWOOD SPRINGS, CO.","00010","Water temperature","deg C","2026-03-21T06:30:00.000-06:00","8.6","47.48","P"
"09085000","ROARING FORK RIVER AT GLENWOOD SPRINGS, CO.","00010","Water temperature","deg C","2026-03-21T06:45:00.000-06:00","8.5","47.3","P"
"09085000","ROARING FORK RIVER AT GLENWOOD SPRINGS, CO.","00010","Water temperature","deg C","2026-03-21T07:00:00.000-06:00","8.4","47.12","P"
"09085000","ROARING FORK RIVER AT GLENWOOD SPRINGS, CO.","00010","Water temperature","deg C","2026-03-21T07:15:00.000-06:00","8.3","46.94","P"
"09085000","ROARING FORK RIVER AT GLENWOOD SPRINGS, CO.","00010","Water temperature","deg C","2026-03-21T07:30:00.000-06:00","8.2","46.76","P"
"09085000","ROARING FORK RIVER AT GLENWOOD SPRINGS, CO.","00010","Water temperature","deg C","2026-03-21T07:45:00.000-06:00","8.1","46.58","P"
"09085000","ROARING FORK RIVER AT GLENWOOD SPRINGS, CO.","00010","Water temperature","deg C","2026-03-21T08:00:00.000-06:00","7.9","46.22","P"
"09085000","ROARING FORK RIVER AT GLENWOOD SPRINGS, CO.","00010","Water temperature","deg C","2026-03-21T08:15:00.000-06:00","7.8","46.04","P"
"09085000","ROARING FORK RIVER AT GLENWOOD SPRINGS, CO.","00010","Water temperature","deg C","2026-03-21T08:30:00.000-06:00","7.8","46.04","P"
"09085000","ROARING FORK RIVER AT GLENWOOD SPRINGS, CO.","00010","Water temperature","deg C","2026-03-21T08:45:00.000-06:00","7.7","45.86","P"
"09085000","ROARING FORK RIVER AT GLENWOOD SPRINGS, CO.","00010","Water temperature","deg C","2026-03-21T09:00:00.000-06:00","7.8","46.04","P"
"09085000","ROARING FORK RIVER AT GLENWOOD SPRINGS, CO.","00010","Water temperature","deg C","2026-03-21T09:15:00.000-06:00","7.8","46.04","P"
"09085000","ROARING FORK RIVER AT GLENWOOD SPRINGS, CO.","00010","Water temperature","deg C","2026-03-21T09:30:00.000-06:00","7.8","46.04","P"
"09085000","ROARING FORK RIVER AT GLENWOOD SPRINGS, CO.","00010","Water temperature","deg C","2026-03-21T09:45:00.000-06:00","7.9","46.22","P"
"09085000","ROARING FORK RIVER AT GLENWOOD SPRINGS, CO.","00010","Water temperature","deg C","2026-03-21T10:00:00.000-06:00","8","46.4","P"
"09085000","ROARING FORK RIVER AT GLENWOOD SPRINGS, CO.","00010","Water temperature","deg C","2026-03-21T10:15:00.000-06:00","8.2","46.76","P"
"09085000","ROARING FORK RIVER AT GLENWOOD SPRINGS, CO.","00010","Water temperature","deg C","2026-03-21T10:30:00.000-06:00","8.4","47.12","P"
"09085000","ROARING FORK RIVER AT GLENWOOD SPRINGS, CO.","00010","Water temperature","deg C","2026-03-21T10:45:00.000-06:00","8.5","47.3","P"
"09085000","ROARING FORK RIVER AT GLENWOOD SPRINGS, CO.","00010","Water temperature","deg C","2026-03-21T11:00:00.000-06:00","8.7","47.66","P"
"09085000","ROARING FORK RIVER AT GLENWOOD SPRINGS, CO.","00010","Water temperature","deg C","2026-03-21T11:15:00.000-06:00","8.9","48.02","P"
"09085000","ROARING FORK RIVER AT GLENWOOD SPRINGS, CO.","00010","Water temperature","deg C","2026-03-21T11:30:00.000-06:00","9.2","48.56","P"
"09085000","ROARING FORK RIVER AT GLENWOOD SPRINGS, CO.","00010","Water temperature","deg C","2026-03-21T11:45:00.000-06:00","9.3","48.74","P"
"09085000","ROARING FORK RIVER AT GLENWOOD SPRINGS, CO.","00010","Water temperature","deg C","2026-03-21T12:00:00.000-06:00","9.5","49.1","P"
"09085000","ROARING FORK RIVER AT GLENWOOD SPRINGS, CO.","00010","Water temperature","deg C","2026-03-21T12:15:00.000-06:00","9.8","49.64","P"
"09085000","ROARING FORK RIVER AT GLENWOOD SPRINGS, CO.","00010","Water temperature","deg C","2026-03-21T12:30:00.000-06:00","10","50","P"
"09085000","ROARING FORK RIVER AT GLENWOOD SPRINGS, CO.","00010","Water temperature","deg C","2026-03-21T12:45:00.000-06:00","10.2","50.36","P"
"09085000","ROARING FORK RIVER AT GLENWOOD SPRINGS, CO.","00010","Water temperature","deg C","2026-03-21T13:00:00.000-06:00","10.5","50.9","P"
"09085000","ROARING FORK RIVER AT GLENWOOD SPRINGS, CO.","00010","Water temperature","deg C","2026-03-21T13:15:00.000-06:00","10.7","51.26","P"
"09085000","ROARING FORK RIVER AT GLENWOOD SPRINGS, CO.","00010","Water temperature","deg C","2026-03-21T13:30:00.000-06:00","10.9","51.62","P"
"09085000","ROARING FORK RIVER AT GLENWOOD SPRINGS, CO.","00010","Water temperature","deg C","2026-03-21T13:45:00.000-06:00","11.1","51.98","P"
"09085000","ROARING FORK RIVER AT GLENWOOD SPRINGS, CO.","00010","Water temperature","deg C","2026-03-21T14:00:00.000-06:00","11.4","52.52","P"
"09085000","ROARING FORK RIVER AT GLENWOOD SPRINGS, CO.","00010","Water temperature","deg C","2026-03-21T14:15:00.000-06:00","11.5","52.7","P"
"09085000","ROARING FORK RIVER AT GLENWOOD SPRINGS, CO.","00010","Water temperature","deg C","2026-03-21T14:30:00.000-06:00","11.7","53.06","P"
"09085000","ROARING FORK RIVER AT GLENWOOD SPRINGS, CO.","00010","Water temperature","deg C","2026-03-21T14:45:00.000-06:00","11.8","53.24","P"
"09085000","ROARING FORK RIVER AT GLENWOOD SPRINGS, CO.","00010","Water temperature","deg C","2026-03-21T15:00:00.000-06:00","12","53.6","P"
"09085000","ROARING FORK RIVER AT GLENWOOD SPRINGS, CO.","00010","Water temperature","deg C","2026-03-21T15:15:00.000-06:00","12.2","53.96","P"
"09085000","ROARING FORK RIVER AT GLENWOOD SPRINGS, CO.","00010","Water temperature","deg C","2026-03-21T15:30:00.000-06:00","12.3","54.14","P"
"09085000","ROARING FORK RIVER AT GLENWOOD SPRINGS, CO.","00010","Water temperature","deg C","2026-03-21T15:45:00.000-06:00","12.4","54.32","P"
"09085000","ROARING FORK RIVER AT GLENWOOD SPRINGS, CO.","00010","Water temperature","deg C","2026-03-21T16:00:00.000-06:00","12.6","54.68","P"
"09085000","ROARING FORK RIVER AT GLENWOOD SPRINGS, CO.","00010","Water temperature","deg C","2026-03-21T16:15:00.000-06:00","12.6","54.68","P"
"09085000","ROARING FORK RIVER AT GLENWOOD SPRINGS, CO.","00010","Water temperature","deg C","2026-03-21T16:30:00.000-06:00","12.7","54.86","P"
"09085000","ROARING FORK RIVER AT GLENWOOD SPRINGS, CO.","00010","Water temperature","deg C","2026-03-21T16:45:00.000-06:00","12.8","55.04","P"
"09085000","ROARING FORK RIVER AT GLENWOOD SPRINGS, CO.","00010","Water temperature","deg C","2026-03-21T17:00:00.000-06:00","12.8","55.04","P"
"09085000","ROARING FORK RIVER AT GLENWOOD SPRINGS, CO.","00010","Water temperature","deg C","2026-03-21T17:15:00.000-06:00","12.8","55.04","P"
"09085000","ROARING FORK RIVER AT GLENWOOD SPRINGS, CO.","00010","Water temperature","deg C","2026-03-21T17:30:00.000-06:00","12.8","55.04","P"
"09085000","ROARING FORK RIVER AT GLENWOOD SPRINGS, CO.","00010","Water temperature","deg C","2026-03-21T17:45:00.000-06:00","12.8","55.04","P"
"09085000","ROARING FORK RIVER AT GLENWOOD SPRINGS, CO.","00010","Water temperature","deg C","2026-03-21T18:00:00.000-06:00","12.9","55.22","P"
"09085000","ROARING FORK RIVER AT GLENWOOD SPRINGS, CO.","00010","Water temperature","deg C","2026-03-21T18:15:00.000-06:00","12.9","55.22","P"
"09085000","ROARING FORK RIVER AT GLENWOOD SPRINGS, CO.","00010","Water temperature","deg C","2026-03-21T18:30:00.000-06:00","12.9","55.22","P"
"09085000","ROARING FORK RIVER AT GLENWOOD SPRINGS, CO.","00010","Water temperature","deg C","2026-03-21T18:45:00.000-06:00","12.9","55.22","P"
"09085000","ROARING FORK RIVER AT GLENWOOD SPRINGS, CO.","00010","Water temperature","deg C","2026-03-21T19:00:00.000-06:00","12.9","55.22","P"
"09085000","ROARING FORK RIVER AT GLENWOOD SPRINGS, CO.","00010","Water temperature","deg C","2026-03-21T19:15:00.000-06:00","12.9","55.22","P"
"09085000","ROARING FORK RIVER AT GLENWOOD SPRINGS, CO.","00010","Water temperature","deg C","2026-03-21T19:30:00.000-06:00","12.9","55.22","P"
"09085000","ROARING FORK RIVER AT GLENWOOD SPRINGS, CO.","00010","Water temperature","deg C","2026-03-21T19:45:00.000-06:00","12.9","55.22","P"
"09085000","ROARING FORK RIVER AT GLENWOOD SPRINGS, CO.","00010","Water temperature","deg C","2026-03-21T20:00:00.000-06:00","12.9","55.22","P"
"09085000","ROARING FORK RIVER AT GLENWOOD SPRINGS, CO.","00010","Water temperature","deg C","2026-03-21T20:15:00.000-06:00","12.8","55.04","P"
"09085000","ROARING FORK RIVER AT GLENWOOD SPRINGS, CO.","00010","Water temperature","deg C","2026-03-21T20:30:00.000-06:00","12.8","55.04","P"
"09085000","ROARING FORK RIVER AT GLENWOOD SPRINGS, CO.","00010","Water temperature","deg C","2026-03-21T20:45:00.000-06:00","12.8","55.04","P"
"09085000","ROARING FORK RIVER AT GLENWOOD SPRINGS, CO.","00010","Water temperature","deg C","2026-03-21T21:00:00.000-06:00","12.8","55.04","P"
"09085000","ROARING FORK RIVER AT GLENWOOD SPRINGS, CO.","00010","Water temperature","deg C","2026-03-21T21:15:00.000-06:00","12.7","54.86","P"
"09085000","ROARING FORK RIVER AT GLENWOOD SPRINGS, CO.","00010","Water temperature","deg C","2026-03-21T21:30:00.000-06:00","12.7","54.86","P"
"09085000","ROARING FORK RIVER AT GLENWOOD SPRINGS, CO.","00010","Water temperature","deg C","2026-03-21T21:45:00.000-06:00","12.6","54.68","P"
"09085000","ROARING FORK RIVER AT GLENWOOD SPRINGS, CO.","00010","Water temperature","deg C","2026-03-21T22:00:00.000-06:00","12.6","54.68","P"
"09085000","ROARING FORK RIVER AT GLENWOOD SPRINGS, CO.","00010","Water temperature","deg C","2026-03-21T22:15:00.000-06:00","12.5","54.5","P"
"09085000","ROARING FORK RIVER AT GLENWOOD SPRINGS, CO.","00010","Water temperature","deg C","2026-03-21T22:30:00.000-06:00","12.5","54.5","P"
"09085000","ROARING FORK RIVER AT GLENWOOD SPRINGS, CO.","00010","Water temperature","deg C","2026-03-21T22:45:00.000-06:00","12.4","54.32","P"
"09085000","ROARING FORK RIVER AT GLENWOOD SPRINGS, CO.","00010","Water temperature","deg C","2026-03-21T23:00:00.000-06:00","12.4","54.32","P"
"09085000","ROARING FORK RIVER AT GLENWOOD SPRINGS, CO.","00010","Water temperature","deg C","2026-03-21T23:15:00.000-06:00","12.3","54.14","P"
"09085000","ROARING FORK RIVER AT GLENWOOD SPRINGS, CO.","00010","Water temperature","deg C","2026-03-21T23:30:00.000-06:00","12.2","53.96","P"
"09085000","ROARING FORK RIVER AT GLENWOOD SPRINGS, CO.","00010","Water temperature","deg C","2026-03-21T23:45:00.000-06:00","12.1","53.78","P"
"09085000","ROARING FORK RIVER AT GLENWOOD SPRINGS, CO.","00010","Water temperature","deg C","2026-03-22T00:00:00.000-06:00","12.1","53.78","P"
"09085000","ROARING FORK RIVER AT GLENWOOD SPRINGS, CO.","00010","Water temperature","deg C","2026-03-22T00:15:00.000-06:00","12","53.6","P"
"09085000","ROARING FORK RIVER AT GLENWOOD SPRINGS, CO.","00010","Water temperature","deg C","2026-03-22T00:30:00.000-06:00","11.9","53.42","P"
"09085000","ROARING FORK RIVER AT GLENWOOD SPRINGS, CO.","00010","Water temperature","deg C","2026-03-22T00:45:00.000-06:00","11.8","53.24","P"
"09085000","ROARING FORK RIVER AT GLENWOOD SPRINGS, CO.","00010","Water temperature","deg C","2026-03-22T01:00:00.000-06:00","11.8","53.24","P"
"09085000","ROARING FORK RIVER AT GLENWOOD SPRINGS, CO.","00010","Water temperature","deg C","2026-03-22T01:15:00.000-06:00","11.7","53.06","P"
"09085000","ROARING FORK RIVER AT GLENWOOD SPRINGS, CO.","00010","Water temperature","deg C","2026-03-22T01:30:00.000-06:00","11.6","52.88","P"
"09085000","ROARING FORK RIVER AT GLENWOOD SPRINGS, CO.","00010","Water temperature","deg C","2026-03-22T01:45:00.000-06:00","11.5","52.7","P"
"09085000","ROARING FORK RIVER AT GLENWOOD SPRINGS, CO.","00010","Water temperature","deg C","2026-03-22T02:00:00.000-06:00","11.5","52.7","P"
"09085000","ROARING FORK RIVER AT GLENWOOD SPRINGS, CO.","00010","Water temperature","deg C","2026-03-22T02:15:00.000-06:00","11.4","52.52","P"
"09085000","ROARING FORK RIVER AT GLENWOOD SPRINGS, CO.","00010","Water temperature","deg C","2026-03-22T02:30:00.000-06:00","11.3","52.34","P"
"09085000","ROARING FORK RIVER AT GLENWOOD SPRINGS, CO.","00010","Water temperature","deg C","2026-03-22T02:45:00.000-06:00","11.3","52.34","P"
"09085000","ROARING FORK RIVER AT GLENWOOD SPRINGS, CO.","00010","Water temperature","deg C","2026-03-22T03:00:00.000-06:00","11.2","52.16","P"
"09085000","ROARING FORK RIVER AT GLENWOOD SPRINGS, CO.","00010","Water temperature","deg C","2026-03-22T03:15:00.000-06:00","11.1","51.98","P"
"09085000","ROARING FORK RIVER AT GLENWOOD SPRINGS, CO.","00010","Water temperature","deg C","2026-03-22T03:30:00.000-06:00","11.1","51.98","P"
"09085000","ROARING FORK RIVER AT GLENWOOD SPRINGS, CO.","00010","Water temperature","deg C","2026-03-22T03:45:00.000-06:00","11","51.8","P"
"09085000","ROARING FORK RIVER AT GLENWOOD SPRINGS, CO.","00010","Water temperature","deg C","2026-03-22T04:00:00.000-06:00","10.9","51.62","P"
"09085000","ROARING FORK RIVER AT GLENWOOD SPRINGS, CO.","00010","Water temperature","deg C","2026-03-22T04:15:00.000-06:00","10.8","51.44","P"
"09085000","ROARING FORK RIVER AT GLENWOOD SPRINGS, CO.","00010","Water temperature","deg C","2026-03-22T04:30:00.000-06:00","10.7","51.26","P"
"09085000","ROARING FORK RIVER AT GLENWOOD SPRINGS, CO.","00010","Water temperature","deg C","2026-03-22T04:45:00.000-06:00","10.6","51.08","P"
"09085000","ROARING FORK RIVER AT GLENWOOD SPRINGS, CO.","00010","Water temperature","deg C","2026-03-22T05:00:00.000-06:00","10.6","51.08","P"
"09085000","ROARING FORK RIVER AT GLENWOOD SPRINGS, CO.","00010","Water temperature","deg C","2026-03-22T05:15:00.000-06:00","10.5","50.9","P"
"09085000","ROARING FORK RIVER AT GLENWOOD SPRINGS, CO.","00010","Water temperature","deg C","2026-03-22T05:30:00.000-06:00","10.4","50.72","P"
"09085000","ROARING FORK RIVER AT GLENWOOD SPRINGS, CO.","00010","Water temperature","deg C","2026-03-22T05:45:00.000-06:00","10.3","50.54","P"
"09085000","ROARING FORK RIVER AT GLENWOOD SPRINGS, CO.","00010","Water temperature","deg C","2026-03-22T06:00:00.000-06:00","10.2","50.36","P"
"09085000","ROARING FORK RIVER AT GLENWOOD SPRINGS, CO.","00010","Water temperature","deg C","2026-03-22T06:15:00.000-06:00","10.1","50.18","P"
"09085000","ROARING FORK RIVER AT GLENWOOD SPRINGS, CO.","00010","Water temperature","deg C","2026-03-22T06:30:00.000-06:00","10","50","P"
"09085000","ROARING FORK RIVER AT GLENWOOD SPRINGS, CO.","00010","Water temperature","deg C","2026-03-22T06:45:00.000-06:00","9.9","49.82","P"
"09085000","ROARING FORK RIVER AT GLENWOOD SPRINGS, CO.","00010","Water temperature","deg C","2026-03-22T07:00:00.000-06:00","9.8","49.64","P"
"09085000","ROARING FORK RIVER AT GLENWOOD SPRINGS, CO.","00010","Water temperature","deg C","2026-03-22T07:15:00.000-06:00","9.8","49.64","P"
"09085000","ROARING FORK RIVER AT GLENWOOD SPRINGS, CO.","00010","Water temperature","deg C","2026-03-22T07:30:00.000-06:00","9.7","49.46","P"
"09085000","ROARING FORK RIVER AT GLENWOOD SPRINGS, CO.","00010","Water temperature","deg C","2026-03-22T07:45:00.000-06:00","9.6","49.28","P"
"09085000","ROARING FORK RIVER AT GLENWOOD SPRINGS, CO.","00010","Water temperature","deg C","2026-03-22T08:00:00.000-06:00","9.5","49.1","P"
"09085000","ROARING FORK RIVER AT GLENWOOD SPRINGS, CO.","00010","Water temperature","deg C","2026-03-22T08:15:00.000-06:00","9.4","48.92","P"
"09085000","ROARING FORK RIVER AT GLENWOOD SPRINGS, CO.","00010","Water temperature","deg C","2026-03-22T08:30:00.000-06:00","9.4","48.92","P"
"09085000","ROARING FORK RIVER AT GLENWOOD SPRINGS, CO.","00010","Water temperature","deg C","2026-03-22T08:45:00.000-06:00","9.4","48.92","P"
"09085000","ROARING FORK RIVER AT GLENWOOD SPRINGS, CO.","00010","Water temperature","deg C","2026-03-22T09:00:00.000-06:00","9.4","48.92","P"
"09085000","ROARING FORK RIVER AT GLENWOOD SPRINGS, CO.","00010","Water temperature","deg C","2026-03-22T09:15:00.000-06:00","9.4","48.92","P"
"09085000","ROARING FORK RIVER AT GLENWOOD SPRINGS, CO.","00010","Water temperature","deg C","2026-03-22T09:30:00.000-06:00","9.5","49.1","P"
"09085000","ROARING FORK RIVER AT GLENWOOD SPRINGS, CO.","00010","Water temperature","deg C","2026-03-22T09:45:00.000-06:00","9.5","49.1","P"
"09085000","ROARING FORK RIVER AT GLENWOOD SPRINGS, CO.","00010","Water temperature","deg C","2026-03-22T10:00:00.000-06:00","9.7","49.46","P"
"09085000","ROARING FORK RIVER AT GLENWOOD SPRINGS, CO.","00010","Water temperature","deg C","2026-03-22T10:15:00.000-06:00","9.8","49.64","P"
"09085000","ROARING FORK RIVER AT GLENWOOD SPRINGS, CO.","00010","Water temperature","deg C","2026-03-22T10:30:00.000-06:00","9.9","49.82","P"
"09085000","ROARING FORK RIVER AT GLENWOOD SPRINGS, CO.","00010","Water temperature","deg C","2026-03-22T10:45:00.000-06:00","10","50","P"
"09085000","ROARING FORK RIVER AT GLENWOOD SPRINGS, CO.","00010","Water temperature","deg C","2026-03-22T11:00:00.000-06:00","10.2","50.36","P"
"09085000","ROARING FORK RIVER AT GLENWOOD SPRINGS, CO.","00010","Water temperature","deg C","2026-03-22T11:15:00.000-06:00","10.3","50.54","P"
"09085000","ROARING FORK RIVER AT GLENWOOD SPRINGS, CO.","00010","Water temperature","deg C","2026-03-22T11:30:00.000-06:00","10.5","50.9","P"
"09085000","ROARING FORK RIVER AT GLENWOOD SPRINGS, CO.","00010","Water temperature","deg C","2026-03-22T11:45:00.000-06:00","10.7","51.26","P"
"09085000","ROARING FORK RIVER AT GLENWOOD SPRINGS, CO.","00010","Water temperature","deg C","2026-03-22T12:00:00.000-06:00","10.9","51.62","P"
"09085000","ROARING FORK RIVER AT GLENWOOD SPRINGS, CO.","00010","Water temperature","deg C","2026-03-22T12:15:00.000-06:00","11.1","51.98","P"
"09085000","ROARING FORK RIVER AT GLENWOOD SPRINGS, CO.","00010","Water temperature","deg C","2026-03-22T12:30:00.000-06:00","11.3","52.34","P"
"09085000","ROARING FORK RIVER AT GLENWOOD SPRINGS, CO.","00010","Water temperature","deg C","2026-03-22T12:45:00.000-06:00","11.5","52.7","P"
"09085000","ROARING FORK RIVER AT GLENWOOD SPRINGS, CO.","00010","Water temperature","deg C","2026-03-22T13:00:00.000-06:00","11.7","53.06","P"
"09085000","ROARING FORK RIVER AT GLENWOOD SPRINGS, CO.","00010","Water temperature","deg C","2026-03-22T13:15:00.000-06:00","11.9","53.42","P"
"09085000","ROARING FORK RIVER AT GLENWOOD SPRINGS, CO.","00010","Water temperature","deg C","2026-03-22T13:30:00.000-06:00","12.1","53.78","P"
"09085000","ROARING FORK RIVER AT GLENWOOD SPRINGS, CO.","00010","Water temperature","deg C","2026-03-22T13:45:00.000-06:00","12.3","54.14","P"
"09085000","ROARING FORK RIVER AT GLENWOOD SPRINGS, CO.","00010","Water temperature","deg C","2026-03-22T14:00:00.000-06:00","12.5","54.5","P"
"09085000","ROARING FORK RIVER AT GLENWOOD SPRINGS, CO.","00010","Water temperature","deg C","2026-03-22T14:15:00.000-06:00","12.7","54.86","P"
"09085000","ROARING FORK RIVER AT GLENWOOD SPRINGS, CO.","00010","Water temperature","deg C","2026-03-22T14:30:00.000-06:00","12.9","55.22","P"
"09085000","ROARING FORK RIVER AT GLENWOOD SPRINGS, CO.","00010","Water temperature","deg C","2026-03-22T14:45:00.000-06:00","13","55.4","P"
"09085000","ROARING FORK RIVER AT GLENWOOD SPRINGS, CO.","00010","Water temperature","deg C","2026-03-22T15:00:00.000-06:00","13.2","55.76","P"
"09085000","ROARING FORK RIVER AT GLENWOOD SPRINGS, CO.","00010","Water temperature","deg C","2026-03-22T15:15:00.000-06:00","13.3","55.94","P"
"09085000","ROARING FORK RIVER AT GLENWOOD SPRINGS, CO.","00010","Water temperature","deg C","2026-03-22T15:30:00.000-06:00","13.4","56.12","P"
"09085000","ROARING FORK RIVER AT GLENWOOD SPRINGS, CO.","00010","Water temperature","deg C","2026-03-22T15:45:00.000-06:00","13.5","56.3","P"
"09085000","ROARING FORK RIVER AT GLENWOOD SPRINGS, CO.","00010","Water temperature","deg C","2026-03-22T16:00:00.000-06:00","13.6","56.48","P"
"09085000","ROARING FORK RIVER AT GLENWOOD SPRINGS, CO.","00010","Water temperature","deg C","2026-03-22T16:15:00.000-06:00","13.7","56.66","P"
"09085000","ROARING FORK RIVER AT GLENWOOD SPRINGS, CO.","00010","Water temperature","deg C","2026-03-22T16:30:00.000-06:00","13.8","56.84","P"
"09085000","ROARING FORK RIVER AT GLENWOOD SPRINGS, CO.","00010","Water temperature","deg C","2026-03-22T16:45:00.000-06:00","13.8","56.84","P"
"09085000","ROARING FORK RIVER AT GLENWOOD SPRINGS, CO.","00010","Water temperature","deg C","2026-03-22T17:00:00.000-06:00","13.8","56.84","P"
"09085000","ROARING FORK RIVER AT GLENWOOD SPRINGS, CO.","00010","Water temperature","deg C","2026-03-22T17:15:00.000-06:00","13.8","56.84","P"
"09085000","ROARING FORK RIVER AT GLENWOOD SPRINGS, CO.","00010","Water temperature","deg C","2026-03-22T17:30:00.000-06:00","13.8","56.84","P"
"09085000","ROARING FORK RIVER AT GLENWOOD SPRINGS, CO.","00010","Water temperature","deg C","2026-03-22T17:45:00.000-06:00","13.8","56.84","P"
"09085000","ROARING FORK RIVER AT GLENWOOD SPRINGS, CO.","00010","Water temperature","deg C","2026-03-22T18:00:00.000-06:00","13.8","56.84","P"
"09085000","ROARING FORK RIVER AT GLENWOOD SPRINGS, CO.","00010","Water temperature","deg C","2026-03-22T18:15:00.000-06:00","13.8","56.84","P"
"09085000","ROARING FORK RIVER AT GLENWOOD SPRINGS, CO.","00010","Water temperature","deg C","2026-03-22T18:30:00.000-06:00","13.7","56.66","P"
"09085000","ROARING FORK RIVER AT GLENWOOD SPRINGS, CO.","00010","Water temperature","deg C","2026-03-22T18:45:00.000-06:00","13.8","56.84","P"
"09085000","ROARING FORK RIVER AT GLENWOOD SPRINGS, CO.","00010","Water temperature","deg C","2026-03-22T19:00:00.000-06:00","13.8","56.84","P"
"09085000","ROARING FORK RIVER AT GLENWOOD SPRINGS, CO.","00010","Water temperature","deg C","2026-03-22T19:15:00.000-06:00","13.8","56.84","P"
"09085000","ROARING FORK RIVER AT GLENWOOD SPRINGS, CO.","00010","Water temperature","deg C","2026-03-22T19:30:00.000-06:00","13.8","56.84","P"
"09085000","ROARING FORK RIVER AT GLENWOOD SPRINGS, CO.","00010","Water temperature","deg C","2026-03-22T19:45:00.000-06:00","13.7","56.66","P"
"09085000","ROARING FORK RIVER AT GLENWOOD SPRINGS, CO.","00010","Water temperature","deg C","2026-03-22T20:00:00.000-06:00","13.6","56.48","P"
"09085000","ROARING FORK RIVER AT GLENWOOD SPRINGS, CO.","00010","Water temperature","deg C","2026-03-22T20:15:00.000-06:00","13.6","56.48","P"
"09085000","ROARING FORK RIVER AT GLENWOOD SPRINGS, CO.","00010","Water temperature","deg C","2026-03-22T20:30:00.000-06:00","13.5","56.3","P"
"09085000","ROARING FORK RIVER AT GLENWOOD SPRINGS, CO.","00010","Water temperature","deg C","2026-03-22T20:45:00.000-06:00","13.4","56.12","P"
"09085000","ROARING FORK RIVER AT GLENWOOD SPRINGS, CO.","00010","Water temperature","deg C","2026-03-22T21:00:00.000-06:00","13.4","56.12","P"
"09085000","ROARING FORK RIVER AT GLENWOOD SPRINGS, CO.","00010","Water temperature","deg C","2026-03-22T21:15:00.000-06:00","13.4","56.12","P"
"09085000","ROARING FORK RIVER AT GLENWOOD SPRINGS, CO.","00010","Water temperature","deg C","2026-03-22T21:30:00.000-06:00","13.3","55.94","P"
"09085000","ROARING FORK RIVER AT GLENWOOD SPRINGS, CO.","00010","Water temperature","deg C","2026-03-22T21:45:00.000-06:00","13.3","55.94","P"
"09085000","ROARING FORK RIVER AT GLENWOOD SPRINGS, CO.","00010","Water temperature","deg C","2026-03-22T22:00:00.000-06:00","13.2","55.76","P"
"09085000","ROARING FORK RIVER AT GLENWOOD SPRINGS, CO.","00010","Water temperature","deg C","2026-03-22T22:15:00.000-06:00","13.1","55.58","P"
"09085000","ROARING FORK RIVER AT GLENWOOD SPRINGS, CO.","00010","Water temperature","deg C","2026-03-22T22:30:00.000-06:00","13","55.4","P"
"09085000","ROARING FORK RIVER AT GLENWOOD SPRINGS, CO.","00010","Water temperature","deg C","2026-03-22T22:45:00.000-06:00","12.9","55.22","P"
"09085000","ROARING FORK RIVER AT GLENWOOD SPRINGS, CO.","00010","Water temperature","deg C","2026-03-22T23:00:00.000-06:00","12.8","55.04","P"
"09085000","ROARING FORK RIVER AT GLENWOOD SPRINGS, CO.","00010","Water temperature","deg C","2026-03-22T23:15:00.000-06:00","12.7","54.86","P"
"09085000","ROARING FORK RIVER AT GLENWOOD SPRINGS, CO.","00010","Water temperature","deg C","2026-03-22T23:30:00.000-06:00","12.7","54.86","P"
"09085000","ROARING FORK RIVER AT GLENWOOD SPRINGS, CO.","00010","Water temperature","deg C","2026-03-22T23:45:00.000-06:00","12.6","54.68","P"
"09085000","ROARING FORK RIVER AT GLENWOOD SPRINGS, CO.","00010","Water temperature","deg C","2026-03-23T00:00:00.000-06:00","12.5","54.5","P"
"09085000","ROARING FORK RIVER AT GLENWOOD SPRINGS, CO.","00010","Water temperature","deg C","2026-03-23T00:15:00.000-06:00","12.4","54.32","P"
"09085000","ROARING FORK RIVER AT GLENWOOD SPRINGS, CO.","00010","Water temperature","deg C","2026-03-23T00:30:00.000-06:00","12.3","54.14","P"
"09085000","ROARING FORK RIVER AT GLENWOOD SPRINGS, CO.","00010","Water temperature","deg C","2026-03-23T00:45:00.000-06:00","12.2","53.96","P"
"09085000","ROARING FORK RIVER AT GLENWOOD SPRINGS, CO.","00010","Water temperature","deg C","2026-03-23T01:00:00.000-06:00","12.1","53.78","P"
"09085000","ROARING FORK RIVER AT GLENWOOD SPRINGS, CO.","00010","Water temperature","deg C","2026-03-23T01:15:00.000-06:00","12","53.6","P"
"09085000","ROARING FORK RIVER AT GLENWOOD SPRINGS, CO.","00010","Water temperature","deg C","2026-03-23T01:30:00.000-06:00","11.9","53.42","P"
"09085000","ROARING FORK RIVER AT GLENWOOD SPRINGS, CO.","00010","Water temperature","deg C","2026-03-23T01:45:00.000-06:00","11.8","53.24","P"
"09085000","ROARING FORK RIVER AT GLENWOOD SPRINGS, CO.","00010","Water temperature","deg C","2026-03-23T02:00:00.000-06:00","11.7","53.06","P"
"09085000","ROARING FORK RIVER AT GLENWOOD SPRINGS, CO.","00010","Water temperature","deg C","2026-03-23T02:15:00.000-06:00","11.6","52.88","P"
"09085000","ROARING FORK RIVER AT GLENWOOD SPRINGS, CO.","00010","Water temperature","deg C","2026-03-23T02:30:00.000-06:00","11.5","52.7","P"
"09085000","ROARING FORK RIVER AT GLENWOOD SPRINGS, CO.","00010","Water temperature","deg C","2026-03-23T02:45:00.000-06:00","11.4","52.52","P"
"09085000","ROARING FORK RIVER AT GLENWOOD SPRINGS, CO.","00010","Water temperature","deg C","2026-03-23T03:00:00.000-06:00","11.3","52.34","P"
"09085000","ROARING FORK RIVER AT GLENWOOD SPRINGS, CO.","00010","Water temperature","deg C","2026-03-23T03:15:00.000-06:00","11.2","52.16","P"
"09085000","ROARING FORK RIVER AT GLENWOOD SPRINGS, CO.","00010","Water temperature","deg C","2026-03-23T03:30:00.000-06:00","11.1","51.98","P"
"09085000","ROARING FORK RIVER AT GLENWOOD SPRINGS, CO.","00010","Water temperature","deg C","2026-03-23T03:45:00.000-06:00","11","51.8","P"
"09085000","ROARING FORK RIVER AT GLENWOOD SPRINGS, CO.","00010","Water temperature","deg C","2026-03-23T04:00:00.000-06:00","11","51.8","P"
"09085000","ROARING FORK RIVER AT GLENWOOD SPRINGS, CO.","00010","Water temperature","deg C","2026-03-23T04:15:00.000-06:00","10.9","51.62","P"
"09085000","ROARING FORK RIVER AT GLENWOOD SPRINGS, CO.","00010","Water temperature","deg C","2026-03-23T04:30:00.000-06:00","10.8","51.44","P"
"09085000","ROARING FORK RIVER AT GLENWOOD SPRINGS, CO.","00010","Water temperature","deg C","2026-03-23T04:45:00.000-06:00","10.7","51.26","P"
"09085000","ROARING FORK RIVER AT GLENWOOD SPRINGS, CO.","00010","Water temperature","deg C","2026-03-23T05:00:00.000-06:00","10.6","51.08","P"
"09085000","ROARING FORK RIVER AT GLENWOOD SPRINGS, CO.","00010","Water temperature","deg C","2026-03-23T05:15:00.000-06:00","10.5","50.9","P"
"09085000","ROARING FORK RIVER AT GLENWOOD SPRINGS, CO.","00010","Water temperature","deg C","2026-03-23T05:30:00.000-06:00","10.4","50.72","P"
"09085000","ROARING FORK RIVER AT GLENWOOD SPRINGS, CO.","00010","Water temperature","deg C","2026-03-23T05:45:00.000-06:00","10.3","50.54","P"
"09085000","ROARING FORK RIVER AT GLENWOOD SPRINGS, CO.","00010","Water temperature","deg C","2026-03-23T06:00:00.000-06:00","10.2","50.36","P"
"09085000","ROARING FORK RIVER AT GLENWOOD SPRINGS, CO.","00010","Water temperature","deg C","2026-03-23T06:15:00.000-06:00","10.1","50.18","P"
"09085000","ROARING FORK RIVER AT GLENWOOD SPRINGS, CO.","00010","Water temperature","deg C","2026-03-23T06:30:00.000-06:00","10.1","50.18","P"
"09085000","ROARING FORK RIVER AT GLENWOOD SPRINGS, CO.","00010","Water temperature","deg C","2026-03-23T06:45:00.000-06:00","10","50","P"
"09085000","ROARING FORK RIVER AT GLENWOOD SPRINGS, CO.","00010","Water temperature","deg C","2026-03-23T07:00:00.000-06:00","9.9","49.82","P"
"09085000","ROARING FORK RIVER AT GLENWOOD SPRINGS, CO.","00010","Water temperature","deg C","2026-03-23T07:15:00.000-06:00","9.8","49.64","P"
"09085000","ROARING FORK RIVER AT GLENWOOD SPRINGS, CO.","00010","Water temperature","deg C","2026-03-23T07:30:00.000-06:00","9.8","49.64","P"
"09085000","ROARING FORK RIVER AT GLENWOOD SPRINGS, CO.","00010","Water temperature","deg C","2026-03-23T07:45:00.000-06:00","9.7","49.46","P"
"09085000","ROARING FORK RIVER AT GLENWOOD SPRINGS, CO.","00010","Water temperature","deg C","2026-03-23T08:00:00.000-06:00","9.6","49.28","P"
"09085000","ROARING FORK RIVER AT GLENWOOD SPRINGS, CO.","00010","Water temperature","deg C","2026-03-23T08:15:00.000-06:00","9.6","49.28","P"
"09085000","ROARING FORK RIVER AT GLENWOOD SPRINGS, CO.","00010","Water temperature","deg C","2026-03-23T08:30:00.000-06:00","9.5","49.1","P"
"09085000","ROARING FORK RIVER AT GLENWOOD SPRINGS, CO.","00010","Water temperature","deg C","2026-03-23T08:45:00.000-06:00","9.5","49.1","P"
"09085000","ROARING FORK RIVER AT GLENWOOD SPRINGS, CO.","00010","Water temperature","deg C","2026-03-23T09:00:00.000-06:00","9.5","49.1","P"
"09085000","ROARING FORK RIVER AT GLENWOOD SPRINGS, CO.","00010","Water temperature","deg C","2026-03-23T09:15:00.000-06:00","9.5","49.1","P"
"09085000","ROARING FORK RIVER AT GLENWOOD SPRINGS, CO.","00010","Water temperature","deg C","2026-03-23T09:30:00.000-06:00","9.5","49.1","P"
"09085000","ROARING FORK RIVER AT GLENWOOD SPRINGS, CO.","00010","Water temperature","deg C","2026-03-23T09:45:00.000-06:00","9.5","49.1","P"
"09085000","ROARING FORK RIVER AT GLENWOOD SPRINGS, CO.","00010","Water temperature","deg C","2026-03-23T10:00:00.000-06:00","9.5","49.1","P"
"09085000","ROARING FORK RIVER AT GLENWOOD SPRINGS, CO.","00010","Water temperature","deg C","2026-03-23T10:15:00.000-06:00","9.5","49.1","P"
"09085000","ROARING FORK RIVER AT GLENWOOD SPRINGS, CO.","00010","Water temperature","deg C","2026-03-23T10:30:00.000-06:00","9.6","49.28","P"
"09085000","ROARING FORK RIVER AT GLENWOOD SPRINGS, CO.","00010","Water temperature","deg C","2026-03-23T10:45:00.000-06:00","9.6","49.28","P"
"09085000","ROARING FORK RIVER AT GLENWOOD SPRINGS, CO.","00010","Water temperature","deg C","2026-03-23T11:00:00.000-06:00","9.7","49.46","P"
"09085000","ROARING FORK RIVER AT GLENWOOD SPRINGS, CO.","00010","Water temperature","deg C","2026-03-23T11:15:00.000-06:00","9.9","49.82","P"
"09085000","ROARING FORK RIVER AT GLENWOOD SPRINGS, CO.","00010","Water temperature","deg C","2026-03-23T11:30:00.000-06:00","10","50","P"
"09085000","ROARING FORK RIVER AT GLENWOOD SPRINGS, CO.","00010","Water temperature","deg C","2026-03-23T11:45:00.000-06:00","10.1","50.18","P"
"09085000","ROARING FORK RIVER AT GLENWOOD SPRINGS, CO.","00010","Water temperature","deg C","2026-03-23T12:00:00.000-06:00","10.1","50.18","P"
"09085000","ROARING FORK RIVER AT GLENWOOD SPRINGS, CO.","00010","Water temperature","deg C","2026-03-23T12:15:00.000-06:00","10.2","50.36","P"
"09085000","ROARING FORK RIVER AT GLENWOOD SPRINGS, CO.","00010","Water temperature","deg C","2026-03-23T12:30:00.000-06:00","10.3","50.54","P"
"09085000","ROARING FORK RIVER AT GLENWOOD SPRINGS, CO.","00010","Water temperature","deg C","2026-03-23T12:45:00.000-06:00","10.3","50.54","P"
"09085000","ROARING FORK RIVER AT GLENWOOD SPRINGS, CO.","00010","Water temperature","deg C","2026-03-23T13:00:00.000-06:00","10.5","50.9","P"
"09085000","ROARING FORK RIVER AT GLENWOOD SPRINGS, CO.","00010","Water temperature","deg C","2026-03-23T13:15:00.000-06:00","10.5","50.9","P"
"09085000","ROARING FORK RIVER AT GLENWOOD SPRINGS, CO.","00010","Water temperature","deg C","2026-03-23T13:30:00.000-06:00","10.5","50.9","P"
"09085000","ROARING FORK RIVER AT GLENWOOD SPRINGS, CO.","00010","Water temperature","deg C","2026-03-23T13:45:00.000-06:00","10.6","51.08","P"
"09085000","ROARING FORK RIVER AT GLENWOOD SPRINGS, CO.","00010","Water temperature","deg C","2026-03-23T14:00:00.000-06:00","10.6","51.08","P"
"09085000","ROARING FORK RIVER AT GLENWOOD SPRINGS, CO.","00010","Water temperature","deg C","2026-03-23T14:15:00.000-06:00","10.7","51.26","P"
"09085000","ROARING FORK RIVER AT GLENWOOD SPRINGS, CO.","00010","Water temperature","deg C","2026-03-23T14:30:00.000-06:00","10.7","51.26","P"
"09085000","ROARING FORK RIVER AT GLENWOOD SPRINGS, CO.","00010","Water temperature","deg C","2026-03-23T14:45:00.000-06:00","10.7","51.26","P"
"09085000","ROARING FORK RIVER AT GLENWOOD SPRINGS, CO.","00010","Water temperature","deg C","2026-03-23T15:00:00.000-06:00","10.7","51.26","P"
"09085000","ROARING FORK RIVER AT GLENWOOD SPRINGS, CO.","00010","Water temperature","deg C","2026-03-23T15:15:00.000-06:00","10.8","51.44","P"
"09085000","ROARING FORK RIVER AT GLENWOOD SPRINGS, CO.","00010","Water temperature","deg C","2026-03-23T15:30:00.000-06:00","10.8","51.44","P"
"09085000","ROARING FORK RIVER AT GLENWOOD SPRINGS, CO.","00010","Water temperature","deg C","2026-03-23T15:45:00.000-06:00","10.9","51.62","P"
"09085000","ROARING FORK RIVER AT GLENWOOD SPRINGS, CO.","00010","Water temperature","deg C","2026-03-23T16:00:00.000-06:00","10.9","51.62","P"
"09085000","ROARING FORK RIVER AT GLENWOOD SPRINGS, CO.","00010","Water temperature","deg C","2026-03-23T16:15:00.000-06:00","10.9","51.62","P"
"09085000","ROARING FORK RIVER AT GLENWOOD SPRINGS, CO.","00010","Water temperature","deg C","2026-03-23T16:30:00.000-06:00","10.9","51.62","P"
"09085000","ROARING FORK RIVER AT GLENWOOD SPRINGS, CO.","00010","Water temperature","deg C","2026-03-23T16:45:00.000-06:00","10.8","51.44","P"
"09085000","ROARING FORK RIVER AT GLENWOOD SPRINGS, CO.","00010","Water temperature","deg C","2026-03-23T17:00:00.000-06:00","10.8","51.44","P"
"09085000","ROARING FORK RIVER AT GLENWOOD SPRINGS, CO.","00010","Water temperature","deg C","2026-03-23T17:15:00.000-06:00","10.8","51.44","P"
"09085000","ROARING FORK RIVER AT GLENWOOD SPRINGS, CO.","00010","Water temperature","deg C","2026-03-23T17:30:00.000-06:00","10.8","51.44","P"
"09085000","ROARING FORK RIVER AT GLENWOOD SPRINGS, CO.","00010","Water temperature","deg C","2026-03-23T17:45:00.000-06:00","10.8","51.44","P"
"09085000","ROARING FORK RIVER AT GLENWOOD SPRINGS, CO.","00010","Water temperature","deg C","2026-03-23T18:00:00.000-06:00","10.8","51.44","P"
"09085000","ROARING FORK RIVER AT GLENWOOD SPRINGS, CO.","00010","Water temperature","deg C","2026-03-23T18:15:00.000-06:00","10.9","51.62","P"
"09085000","ROARING FORK RIVER AT GLENWOOD SPRINGS, CO.","00010","Water temperature","deg C","2026-03-23T18:30:00.000-06:00","10.9","51.62","P"
"09085000","ROARING FORK RIVER AT GLENWOOD SPRINGS, CO.","00010","Water temperature","deg C","2026-03-23T18:45:00.000-06:00","10.9","51.62","P"
"09085000","ROARING FORK RIVER AT GLENWOOD SPRINGS, CO.","00010","Water temperature","deg C","2026-03-23T19:00:00.000-06:00","10.8","51.44","P"
"09085000","ROARING FORK RIVER AT GLENWOOD SPRINGS, CO.","00010","Water temperature","deg C","2026-03-23T19:15:00.000-06:00","10.8","51.44","P"
"09085000","ROARING FORK RIVER AT GLENWOOD SPRINGS, CO.","00010","Water temperature","deg C","2026-03-23T19:30:00.000-06:00","10.8","51.44","P"
"09085000","ROARING FORK RIVER AT GLENWOOD SPRINGS, CO.","00010","Water temperature","deg C","2026-03-23T19:45:00.000-06:00","10.7","51.26","P"
"09085000","ROARING FORK RIVER AT GLENWOOD SPRINGS, CO.","00010","Water temperature","deg C","2026-03-23T20:00:00.000-06:00","10.7","51.26","P"
"09085000","ROARING FORK RIVER AT GLENWOOD SPRINGS, CO.","00010","Water temperature","deg C","2026-03-23T20:15:00.000-06:00","10.7","51.26","P"
"09085000","ROARING FORK RIVER AT GLENWOOD SPRINGS, CO.","00010","Water temperature","deg C","2026-03-23T20:30:00.000-06:00","10.6","51.08","P"
"09085000","ROARING FORK RIVER AT GLENWOOD SPRINGS, CO.","00010","Water temperature","deg C","2026-03-23T20:45:00.000-06:00","10.6","51.08","P"
"09085000","ROARING FORK RIVER AT GLENWOOD SPRINGS, CO.","00010","Water temperature","deg C","2026-03-23T21:00:00.000-06:00","10.6","51.08","P"
"09085000","ROARING FORK RIVER AT GLENWOOD SPRINGS, CO.","00010","Water temperature","deg C","2026-03-23T21:15:00.000-06:00","10.5","50.9","P"
"09085000","ROARING FORK RIVER AT GLENWOOD SPRINGS, CO.","00010","Water temperature","deg C","2026-03-23T21:30:00.000-06:00","10.5","50.9","P"
"09085000","ROARING FORK RIVER AT GLENWOOD SPRINGS, CO.","00010","Water temperature","deg C","2026-03-23T21:45:00.000-06:00","10.5","50.9","P"
"09085000","ROARING FORK RIVER AT GLENWOOD SPRINGS, CO.","00010","Water temperature","deg C","2026-03-23T22:00:00.000-06:00","10.5","50.9","P"
"09085000","ROARING FORK RIVER AT GLENWOOD SPRINGS, CO.","00010","Water temperature","deg C","2026-03-23T22:15:00.000-06:00","10.4","50.72","P"
"09085000","ROARING FORK RIVER AT GLENWOOD SPRINGS, CO.","00010","Water temperature","deg C","2026-03-23T22:30:00.000-06:00","10.4","50.72","P"
"09085000","ROARING FORK RIVER AT GLENWOOD SPRINGS, CO.","00010","Water temperature","deg C","2026-03-23T22:45:00.000-06:00","10.4","50.72","P"
"09085000","ROARING FORK RIVER AT GLENWOOD SPRINGS, CO.","00010","Water temperature","deg C","2026-03-23T23:00:00.000-06:00","10.3","50.54","P"
"09085000","ROARING FORK RIVER AT GLENWOOD SPRINGS, CO.","00010","Water temperature","deg C","2026-03-23T23:15:00.000-06:00","10.3","50.54","P"
"09085000","ROARING FORK RIVER AT GLENWOOD SPRINGS, CO.","00010","Water temperature","deg C","2026-03-23T23:30:00.000-06:00","10.2","50.36","P"
"09085000","ROARING FORK RIVER AT GLENWOOD SPRINGS, CO.","00010","Water temperature","deg C","2026-03-23T23:45:00.000-06:00","10.2","50.36","P"
"09085000","ROARING FORK RIVER AT GLENWOOD SPRINGS, CO.","00010","Water temperature","deg C","2026-03-24T00:00:00.000-06:00","10.1","50.18","P"
"09085000","ROARING FORK RIVER AT GLENWOOD SPRINGS, CO.","00010","Water temperature","deg C","2026-03-24T00:15:00.000-06:00","10.1","50.18","P"
"09085000","ROARING FORK RIVER AT GLENWOOD SPRINGS, CO.","00010","Water temperature","deg C","2026-03-24T00:30:00.000-06:00","10","50","P"
"09085000","ROARING FORK RIVER AT GLENWOOD SPRINGS, CO.","00010","Water temperature","deg C","2026-03-24T00:45:00.000-06:00","10","50","P"
"09085000","ROARING FORK RIVER AT GLENWOOD SPRINGS, CO.","00010","Water temperature","deg C","2026-03-24T01:00:00.000-06:00","9.9","49.82","P"
"09085000","ROARING FORK RIVER AT GLENWOOD SPRINGS, CO.","00010","Water temperature","deg C","2026-03-24T01:15:00.000-06:00","9.8","49.64","P"
"09085000","ROARING FORK RIVER AT GLENWOOD SPRINGS, CO.","00010","Water temperature","deg C","2026-03-24T01:30:00.000-06:00","9.8","49.64","P"
"09085000","ROARING FORK RIVER AT GLENWOOD SPRINGS, CO.","00010","Water temperature","deg C","2026-03-24T01:45:00.000-06:00","9.7","49.46","P"
"09085000","ROARING FORK RIVER AT GLENWOOD SPRINGS, CO.","00010","Water temperature","deg C","2026-03-24T02:00:00.000-06:00","9.7","49.46","P"
"09085000","ROARING FORK RIVER AT GLENWOOD SPRINGS, CO.","00010","Water temperature","deg C","2026-03-24T02:15:00.000-06:00","9.6","49.28","P"
"09085000","ROARING FORK RIVER AT GLENWOOD SPRINGS, CO.","00010","Water temperature","deg C","2026-03-24T02:30:00.000-06:00","9.6","49.28","P"
"09085000","ROARING FORK RIVER AT GLENWOOD SPRINGS, CO.","00010","Water temperature","deg C","2026-03-24T02:45:00.000-06:00","9.5","49.1","P"
"09085000","ROARING FORK RIVER AT GLENWOOD SPRINGS, CO.","00010","Water temperature","deg C","2026-03-24T03:00:00.000-06:00","9.5","49.1","P"
"09085000","ROARING FORK RIVER AT GLENWOOD SPRINGS, CO.","00010","Water temperature","deg C","2026-03-24T03:15:00.000-06:00","9.5","49.1","P"
"09085000","ROARING FORK RIVER AT GLENWOOD SPRINGS, CO.","00010","Water temperature","deg C","2026-03-24T03:30:00.000-06:00","9.4","48.92","P"
"09085000","ROARING FORK RIVER AT GLENWOOD SPRINGS, CO.","00010","Water temperature","deg C","2026-03-24T03:45:00.000-06:00","9.3","48.74","P"
"09085000","ROARING FORK RIVER AT GLENWOOD SPRINGS, CO.","00010","Water temperature","deg C","2026-03-24T04:00:00.000-06:00","9.3","48.74","P"
"09085000","ROARING FORK RIVER AT GLENWOOD SPRINGS, CO.","00010","Water temperature","deg C","2026-03-24T04:15:00.000-06:00","9.2","48.56","P"
"09085000","ROARING FORK RIVER AT GLENWOOD SPRINGS, CO.","00010","Water temperature","deg C","2026-03-24T04:30:00.000-06:00","9.1","48.38","P"
"09085000","ROARING FORK RIVER AT GLENWOOD SPRINGS, CO.","00010","Water temperature","deg C","2026-03-24T04:45:00.000-06:00","9.1","48.38","P"
"09085000","ROARING FORK RIVER AT GLENWOOD SPRINGS, CO.","00010","Water temperature","deg C","2026-03-24T05:00:00.000-06:00","9","48.2","P"
"09085000","ROARING FORK RIVER AT GLENWOOD SPRINGS, CO.","00010","Water temperature","deg C","2026-03-24T05:15:00.000-06:00","9","48.2","P"
"09085000","ROARING FORK RIVER AT GLENWOOD SPRINGS, CO.","00010","Water temperature","deg C","2026-03-24T05:30:00.000-06:00","9","48.2","P"
"09085000","ROARING FORK RIVER AT GLENWOOD SPRINGS, CO.","00010","Water temperature","deg C","2026-03-24T05:45:00.000-06:00","8.9","48.02","P"
"09085000","ROARING FORK RIVER AT GLENWOOD SPRINGS, CO.","00010","Water temperature","deg C","2026-03-24T06:00:00.000-06:00","8.8","47.84","P"
"09085000","ROARING FORK RIVER AT GLENWOOD SPRINGS, CO.","00010","Water temperature","deg C","2026-03-24T06:15:00.000-06:00","8.8","47.84","P"
"09085000","ROARING FORK RIVER AT GLENWOOD SPRINGS, CO.","00010","Water temperature","deg C","2026-03-24T06:30:00.000-06:00","8.7","47.66","P"
"09085000","ROARING FORK RIVER AT GLENWOOD SPRINGS, CO.","00010","Water temperature","deg C","2026-03-24T06:45:00.000-06:00","8.6","47.48","P"
"09085000","ROARING FORK RIVER AT GLENWOOD SPRINGS, CO.","00010","Water temperature","deg C","2026-03-24T07:00:00.000-06:00","8.6","47.48","P"
"09085000","ROARING FORK RIVER AT GLENWOOD SPRINGS, CO.","00010","Water temperature","deg C","2026-03-24T07:15:00.000-06:00","8.5","47.3","P"
"09085000","ROARING FORK RIVER AT GLENWOOD SPRINGS, CO.","00010","Water temperature","deg C","2026-03-24T07:30:00.000-06:00","8.4","47.12","P"
"09085000","ROARING FORK RIVER AT GLENWOOD SPRINGS, CO.","00010","Water temperature","deg C","2026-03-24T07:45:00.000-06:00","8.4","47.12","P"
"09085000","ROARING FORK RIVER AT GLENWOOD SPRINGS, CO.","00010","Water temperature","deg C","2026-03-24T08:00:00.000-06:00","8.3","46.94","P"
"09085000","ROARING FORK RIVER AT GLENWOOD SPRINGS, CO.","00010","Water temperature","deg C","2026-03-24T08:15:00.000-06:00","8.3","46.94","P"
"09085000","ROARING FORK RIVER AT GLENWOOD SPRINGS, CO.","00010","Water temperature","deg C","2026-03-24T08:30:00.000-06:00","8.3","46.94","P"
"09085000","ROARING FORK RIVER AT GLENWOOD SPRINGS, CO.","00010","Water temperature","deg C","2026-03-24T08:45:00.000-06:00","8.3","46.94","P"
"09085000","ROARING FORK RIVER AT GLENWOOD SPRINGS, CO.","00010","Water temperature","deg C","2026-03-24T09:00:00.000-06:00","8.3","46.94","P"
"09085000","ROARING FORK RIVER AT GLENWOOD SPRINGS, CO.","00010","Water temperature","deg C","2026-03-24T09:15:00.000-06:00","8.4","47.12","P"
"09085000","ROARING FORK RIVER AT GLENWOOD SPRINGS, CO.","00010","Water temperature","deg C","2026-03-24T09:30:00.000-06:00","8.5","47.3","P"
"09085000","ROARING FORK RIVER AT GLENWOOD SPRINGS, CO.","00010","Water temperature","deg C","2026-03-24T09:45:00.000-06:00","8.6","47.48","P"
"09085000","ROARING FORK RIVER AT GLENWOOD SPRINGS, CO.","00010","Water temperature","deg C","2026-03-24T10:00:00.000-06:00","8.7","47.66","P"
"09085000","ROARING FORK RIVER AT GLENWOOD SPRINGS, CO.","00010","Water temperature","deg C","2026-03-24T10:15:00.000-06:00","8.8","47.84","P"
"09085000","ROARING FORK RIVER AT GLENWOOD SPRINGS, CO.","00010","Water temperature","deg C","2026-03-24T10:30:00.000-06:00","8.9","48.02","P"
"09085000","ROARING FORK RIVER AT GLENWOOD SPRINGS, CO.","00010","Water temperature","deg C","2026-03-24T10:45:00.000-06:00","9.1","48.38","P"
"09085000","ROARING FORK RIVER AT GLENWOOD SPRINGS, CO.","00010","Water temperature","deg C","2026-03-24T11:00:00.000-06:00","9.2","48.56","P"
"09085000","ROARING FORK RIVER AT GLENWOOD SPRINGS, CO.","00010","Water temperature","deg C","2026-03-24T11:15:00.000-06:00","9.4","48.92","P"
"09085000","ROARING FORK RIVER AT GLENWOOD SPRINGS, CO.","00010","Water temperature","deg C","2026-03-24T11:30:00.000-06:00","9.6","49.28","P"
"09085000","ROARING FORK RIVER AT GLENWOOD SPRINGS, CO.","00010","Water temperature","deg C","2026-03-24T11:45:00.000-06:00","9.8","49.64","P"
"09085000","ROARING FORK RIVER AT GLENWOOD SPRINGS, CO.","00010","Water temperature","deg C","2026-03-24T12:00:00.000-06:00","9.9","49.82","P"
"09085000","ROARING FORK RIVER AT GLENWOOD SPRINGS, CO.","00010","Water temperature","deg C","2026-03-24T12:15:00.000-06:00","10.2","50.36","P"
"09085000","ROARING FORK RIVER AT GLENWOOD SPRINGS, CO.","00010","Water temperature","deg C","2026-03-24T12:30:00.000-06:00","10.4","50.72","P"
"09085000","ROARING FORK RIVER AT GLENWOOD SPRINGS, CO.","00010","Water temperature","deg C","2026-03-24T12:45:00.000-06:00","10.5","50.9","P"
"09085000","ROARING FORK RIVER AT GLENWOOD SPRINGS, CO.","00010","Water temperature","deg C","2026-03-24T13:00:00.000-06:00","10.7","51.26","P"
"09085000","ROARING FORK RIVER AT GLENWOOD SPRINGS, CO.","00010","Water temperature","deg C","2026-03-24T13:15:00.000-06:00","11","51.8","P"
"09085000","ROARING FORK RIVER AT GLENWOOD SPRINGS, CO.","00010","Water temperature","deg C","2026-03-24T13:30:00.000-06:00","11.2","52.16","P"
"09085000","ROARING FORK RIVER AT GLENWOOD SPRINGS, CO.","00010","Water temperature","deg C","2026-03-24T13:45:00.000-06:00","11.5","52.7","P"
"09085000","ROARING FORK RIVER AT GLENWOOD SPRINGS, CO.","00010","Water temperature","deg C","2026-03-24T14:00:00.000-06:00","11.7","53.06","P"
"09085000","ROARING FORK RIVER AT GLENWOOD SPRINGS, CO.","00010","Water temperature","deg C","2026-03-24T14:15:00.000-06:00","11.9","53.42","P"
"09085000","ROARING FORK RIVER AT GLENWOOD SPRINGS, CO.","00010","Water temperature","deg C","2026-03-24T14:30:00.000-06:00","12.1","53.78","P"
"09085000","ROARING FORK RIVER AT GLENWOOD SPRINGS, CO.","00010","Water temperature","deg C","2026-03-24T14:45:00.000-06:00","12.3","54.14","P"
"09085000","ROARING FORK RIVER AT GLENWOOD SPRINGS, CO.","00010","Water temperature","deg C","2026-03-24T15:00:00.000-06:00","12.5","54.5","P"
"09085000","ROARING FORK RIVER AT GLENWOOD SPRINGS, CO.","00010","Water temperature","deg C","2026-03-24T15:15:00.000-06:00","12.6","54.68","P"
"09085000","ROARING FORK RIVER AT GLENWOOD SPRINGS, CO.","00010","Water temperature","deg C","2026-03-24T15:30:00.000-06:00","12.8","55.04","P"
"09085000","ROARING FORK RIVER AT GLENWOOD SPRINGS, CO.","00010","Water temperature","deg C","2026-03-24T15:45:00.000-06:00","12.9","55.22","P"
"09085000","ROARING FORK RIVER AT GLENWOOD SPRINGS, CO.","00010","Water temperature","deg C","2026-03-24T16:00:00.000-06:00","13.1","55.58","P"
"09085000","ROARING FORK RIVER AT GLENWOOD SPRINGS, CO.","00010","Water temperature","deg C","2026-03-24T16:15:00.000-06:00","13.2","55.76","P"
"09085000","ROARING FORK RIVER AT GLENWOOD SPRINGS, CO.","00010","Water temperature","deg C","2026-03-24T16:30:00.000-06:00","13.3","55.94","P"
"09085000","ROARING FORK RIVER AT GLENWOOD SPRINGS, CO.","00010","Water temperature","deg C","2026-03-24T16:45:00.000-06:00","13.4","56.12","P"
"09085000","ROARING FORK RIVER AT GLENWOOD SPRINGS, CO.","00010","Water temperature","deg C","2026-03-24T17:00:00.000-06:00","13.5","56.3","P"
"09085000","ROARING FORK RIVER AT GLENWOOD SPRINGS, CO.","00010","Water temperature","deg C","2026-03-24T17:15:00.000-06:00","13.6","56.48","P"
"09085000","ROARING FORK RIVER AT GLENWOOD SPRINGS, CO.","00010","Water temperature","deg C","2026-03-24T17:30:00.000-06:00","13.6","56.48","P"
"09085000","ROARING FORK RIVER AT GLENWOOD SPRINGS, CO.","00010","Water temperature","deg C","2026-03-24T17:45:00.000-06:00","13.6","56.48","P"
"09085000","ROARING FORK RIVER AT GLENWOOD SPRINGS, CO.","00010","Water temperature","deg C","2026-03-24T18:00:00.000-06:00","13.6","56.48","P"
"09085000","ROARING FORK RIVER AT GLENWOOD SPRINGS, CO.","00010","Water temperature","deg C","2026-03-24T18:15:00.000-06:00","13.5","56.3","P"
"09085000","ROARING FORK RIVER AT GLENWOOD SPRINGS, CO.","00010","Water temperature","deg C","2026-03-24T18:30:00.000-06:00","13.5","56.3","P"
"09085000","ROARING FORK RIVER AT GLENWOOD SPRINGS, CO.","00010","Water temperature","deg C","2026-03-24T18:45:00.000-06:00","13.6","56.48","P"
"09085000","ROARING FORK RIVER AT GLENWOOD SPRINGS, CO.","00010","Water temperature","deg C","2026-03-24T19:00:00.000-06:00","13.6","56.48","P"
"09085000","ROARING FORK RIVER AT GLENWOOD SPRINGS, CO.","00010","Water temperature","deg C","2026-03-24T19:15:00.000-06:00","13.7","56.66","P"
"09085000","ROARING FORK RIVER AT GLENWOOD SPRINGS, CO.","00010","Water temperature","deg C","2026-03-24T19:30:00.000-06:00","13.7","56.66","P"
"09085000","ROARING FORK RIVER AT GLENWOOD SPRINGS, CO.","00010","Water temperature","deg C","2026-03-24T19:45:00.000-06:00","13.7","56.66","P"
"09085000","ROARING FORK RIVER AT GLENWOOD SPRINGS, CO.","00010","Water temperature","deg C","2026-03-24T20:00:00.000-06:00","13.6","56.48","P"
"09085000","ROARING FORK RIVER AT GLENWOOD SPRINGS, CO.","00010","Water temperature","deg C","2026-03-24T20:15:00.000-06:00","13.6","56.48","P"
"09085000","ROARING FORK RIVER AT GLENWOOD SPRINGS, CO.","00010","Water temperature","deg C","2026-03-24T20:30:00.000-06:00","13.6","56.48","P"
"09085000","ROARING FORK RIVER AT GLENWOOD SPRINGS, CO.","00010","Water temperature","deg C","2026-03-24T20:45:00.000-06:00","13.6","56.48","P"
"09085000","ROARING FORK RIVER AT GLENWOOD SPRINGS, CO.","00010","Water temperature","deg C","2026-03-24T21:00:00.000-06:00","13.6","56.48","P"
"09085000","ROARING FORK RIVER AT GLENWOOD SPRINGS, CO.","00010","Water temperature","deg C","2026-03-24T21:15:00.000-06:00","13.5","56.3","P"
"09085000","ROARING FORK RIVER AT GLENWOOD SPRINGS, CO.","00010","Water temperature","deg C","2026-03-24T21:30:00.000-06:00","13.5","56.3","P"
"09085000","ROARING FORK RIVER AT GLENWOOD SPRINGS, CO.","00010","Water temperature","deg C","2026-03-24T21:45:00.000-06:00","13.5","56.3","P"
"09085000","ROARING FORK RIVER AT GLENWOOD SPRINGS, CO.","00010","Water temperature","deg C","2026-03-24T22:00:00.000-06:00","13.4","56.12","P"
"09085000","ROARING FORK RIVER AT GLENWOOD SPRINGS, CO.","00010","Water temperature","deg C","2026-03-24T22:15:00.000-06:00","13.4","56.12","P"
"09085000","ROARING FORK RIVER AT GLENWOOD SPRINGS, CO.","00010","Water temperature","deg C","2026-03-24T22:30:00.000-06:00","13.3","55.94","P"
"09085000","ROARING FORK RIVER AT GLENWOOD SPRINGS, CO.","00010","Water temperature","deg C","2026-03-24T22:45:00.000-06:00","13.2","55.76","P"
"09085000","ROARING FORK RIVER AT GLENWOOD SPRINGS, CO.","00010","Water temperature","deg C","2026-03-24T23:00:00.000-06:00","13.2","55.76","P"
"09085000","ROARING FORK RIVER AT GLENWOOD SPRINGS, CO.","00010","Water temperature","deg C","2026-03-24T23:15:00.000-06:00","13.1","55.58","P"
"09085000","ROARING FORK RIVER AT GLENWOOD SPRINGS, CO.","00010","Water temperature","deg C","2026-03-24T23:30:00.000-06:00","13","55.4","P"
"09085000","ROARING FORK RIVER AT GLENWOOD SPRINGS, CO.","00010","Water temperature","deg C","2026-03-24T23:45:00.000-06:00","12.9","55.22","P"
"09085000","ROARING FORK RIVER AT GLENWOOD SPRINGS, CO.","00010","Water temperature","deg C","2026-03-25T00:00:00.000-06:00","12.8","55.04","P"
"09085000","ROARING FORK RIVER AT GLENWOOD SPRINGS, CO.","00010","Water temperature","deg C","2026-03-25T00:15:00.000-06:00","12.7","54.86","P"
"09085000","ROARING FORK RIVER AT GLENWOOD SPRINGS, CO.","00010","Water temperature","deg C","2026-03-25T00:30:00.000-06:00","12.6","54.68","P"
"09085000","ROARING FORK RIVER AT GLENWOOD SPRINGS, CO.","00010","Water temperature","deg C","2026-03-25T00:45:00.000-06:00","12.5","54.5","P"
"09085000","ROARING FORK RIVER AT GLENWOOD SPRINGS, CO.","00010","Water temperature","deg C","2026-03-25T01:00:00.000-06:00","12.4","54.32","P"
"09085000","ROARING FORK RIVER AT GLENWOOD SPRINGS, CO.","00010","Water temperature","deg C","2026-03-25T01:15:00.000-06:00","12.3","54.14","P"
"09085000","ROARING FORK RIVER AT GLENWOOD SPRINGS, CO.","00010","Water temperature","deg C","2026-03-25T01:30:00.000-06:00","12.2","53.96","P"
"09085000","ROARING FORK RIVER AT GLENWOOD SPRINGS, CO.","00010","Water temperature","deg C","2026-03-25T01:45:00.000-06:00","12.1","53.78","P"
"09085000","ROARING FORK RIVER AT GLENWOOD SPRINGS, CO.","00010","Water temperature","deg C","2026-03-25T02:00:00.000-06:00","12","53.6","P"
"09085000","ROARING FORK RIVER AT GLENWOOD SPRINGS, CO.","00010","Water temperature","deg C","2026-03-25T02:15:00.000-06:00","11.9","53.42","P"
"09085000","ROARING FORK RIVER AT GLENWOOD SPRINGS, CO.","00010","Water temperature","deg C","2026-03-25T02:30:00.000-06:00","11.8","53.24","P"
"09085000","ROARING FORK RIVER AT GLENWOOD SPRINGS, CO.","00010","Water temperature","deg C","2026-03-25T02:45:00.000-06:00","11.7","53.06","P"
"09085000","ROARING FORK RIVER AT GLENWOOD SPRINGS, CO.","00010","Water temperature","deg C","2026-03-25T03:00:00.000-06:00","11.6","52.88","P"
"09085000","ROARING FORK RIVER AT GLENWOOD SPRINGS, CO.","00010","Water temperature","deg C","2026-03-25T03:15:00.000-06:00","11.5","52.7","P"
"09085000","ROARING FORK RIVER AT GLENWOOD SPRINGS, CO.","00010","Water temperature","deg C","2026-03-25T03:30:00.000-06:00","11.4","52.52","P"
"09085000","ROARING FORK RIVER AT GLENWOOD SPRINGS, CO.","00010","Water temperature","deg C","2026-03-25T03:45:00.000-06:00","11.4","52.52","P"
"09085000","ROARING FORK RIVER AT GLENWOOD SPRINGS, CO.","00010","Water temperature","deg C","2026-03-25T04:00:00.000-06:00","11.3","52.34","P"
"09085000","ROARING FORK RIVER AT GLENWOOD SPRINGS, CO.","00010","Water temperature","deg C","2026-03-25T04:15:00.000-06:00","11.1","51.98","P"
"09085000","ROARING FORK RIVER AT GLENWOOD SPRINGS, CO.","00010","Water temperature","deg C","2026-03-25T04:30:00.000-06:00","11","51.8","P"
"09085000","ROARING FORK RIVER AT GLENWOOD SPRINGS, CO.","00010","Water temperature","deg C","2026-03-25T04:45:00.000-06:00","10.9","51.62","P"
"09085000","ROARING FORK RIVER AT GLENWOOD SPRINGS, CO.","00010","Water temperature","deg C","2026-03-25T05:00:00.000-06:00","10.8","51.44","P"
"09085000","ROARING FORK RIVER AT GLENWOOD SPRINGS, CO.","00010","Water temperature","deg C","2026-03-25T05:15:00.000-06:00","10.7","51.26","P"
"09085000","ROARING FORK RIVER AT GLENWOOD SPRINGS, CO.","00010","Water temperature","deg C","2026-03-25T05:30:00.000-06:00","10.6","51.08","P"
"09085000","ROARING FORK RIVER AT GLENWOOD SPRINGS, CO.","00010","Water temperature","deg C","2026-03-25T05:45:00.000-06:00","10.5","50.9","P"
"09085000","ROARING FORK RIVER AT GLENWOOD SPRINGS, CO.","00010","Water temperature","deg C","2026-03-25T06:00:00.000-06:00","10.3","50.54","P"
"09085000","ROARING FORK RIVER AT GLENWOOD SPRINGS, CO.","00010","Water temperature","deg C","2026-03-25T06:15:00.000-06:00","10.2","50.36","P"
"09085000","ROARING FORK RIVER AT GLENWOOD SPRINGS, CO.","00010","Water temperature","deg C","2026-03-25T06:30:00.000-06:00","10.1","50.18","P"
"09085000","ROARING FORK RIVER AT GLENWOOD SPRINGS, CO.","00010","Water temperature","deg C","2026-03-25T06:45:00.000-06:00","10","50","P"
"09085000","ROARING FORK RIVER AT GLENWOOD SPRINGS, CO.","00010","Water temperature","deg C","2026-03-25T07:00:00.000-06:00","9.9","49.82","P"
"09085000","ROARING FORK RIVER AT GLENWOOD SPRINGS, CO.","00010","Water temperature","deg C","2026-03-25T07:15:00.000-06:00","9.8","49.64","P"
"09085000","ROARING FORK RIVER AT GLENWOOD SPRINGS, CO.","00010","Water temperature","deg C","2026-03-25T07:30:00.000-06:00","9.7","49.46","P"
"09085000","ROARING FORK RIVER AT GLENWOOD SPRINGS, CO.","00010","Water temperature","deg C","2026-03-25T07:45:00.000-06:00","9.6","49.28","P"
"09085000","ROARING FORK RIVER AT GLENWOOD SPRINGS, CO.","00010","Water temperature","deg C","2026-03-25T08:00:00.000-06:00","9.5","49.1","P"
"09085000","ROARING FORK RIVER AT GLENWOOD SPRINGS, CO.","00010","Water temperature","deg C","2026-03-25T08:15:00.000-06:00","9.4","48.92","P"
"09085000","ROARING FORK RIVER AT GLENWOOD SPRINGS, CO.","00010","Water temperature","deg C","2026-03-25T08:30:00.000-06:00","9.3","48.74","P"
"09085000","ROARING FORK RIVER AT GLENWOOD SPRINGS, CO.","00010","Water temperature","deg C","2026-03-25T08:45:00.000-06:00","9.3","48.74","P"
"09085000","ROARING FORK RIVER AT GLENWOOD SPRINGS, CO.","00010","Water temperature","deg C","2026-03-25T09:00:00.000-06:00","9.3","48.74","P"
"09085000","ROARING FORK RIVER AT GLENWOOD SPRINGS, CO.","00010","Water temperature","deg C","2026-03-25T09:15:00.000-06:00","9.4","48.92","P"
"09085000","ROARING FORK RIVER AT GLENWOOD SPRINGS, CO.","00010","Water temperature","deg C","2026-03-25T09:30:00.000-06:00","9.5","49.1","P"
"09085000","ROARING FORK RIVER AT GLENWOOD SPRINGS, CO.","00010","Water temperature","deg C","2026-03-25T09:45:00.000-06:00","9.5","49.1","P"
"09085000","ROARING FORK RIVER AT GLENWOOD SPRINGS, CO.","00010","Water temperature","deg C","2026-03-25T10:00:00.000-06:00","9.6","49.28","P"
"09085000","ROARING FORK RIVER AT GLENWOOD SPRINGS, CO.","00010","Water temperature","deg C","2026-03-25T10:15:00.000-06:00","9.7","49.46","P"
"09085000","ROARING FORK RIVER AT GLENWOOD SPRINGS, CO.","00010","Water temperature","deg C","2026-03-25T10:30:00.000-06:00","9.9","49.82","P"
"09085000","ROARING FORK RIVER AT GLENWOOD SPRINGS, CO.","00010","Water temperature","deg C","2026-03-25T10:45:00.000-06:00","10.1","50.18","P"
"09085000","ROARING FORK RIVER AT GLENWOOD SPRINGS, CO.","00010","Water temperature","deg C","2026-03-25T11:00:00.000-06:00","10.2","50.36","P"
"09085000","ROARING FORK RIVER AT GLENWOOD SPRINGS, CO.","00010","Water temperature","deg C","2026-03-25T11:15:00.000-06:00","10.3","50.54","P"
"09085000","ROARING FORK RIVER AT GLENWOOD SPRINGS, CO.","00010","Water temperature","deg C","2026-03-25T11:30:00.000-06:00","10.5","50.9","P"
"09085000","ROARING FORK RIVER AT GLENWOOD SPRINGS, CO.","00010","Water temperature","deg C","2026-03-25T11:45:00.000-06:00","10.7","51.26","P"
"09085000","ROARING FORK RIVER AT GLENWOOD SPRINGS, CO.","00010","Water temperature","deg C","2026-03-25T12:00:00.000-06:00","10.9","51.62","P"
"09085000","ROARING FORK RIVER AT GLENWOOD SPRINGS, CO.","00010","Water temperature","deg C","2026-03-25T12:15:00.000-06:00","11.1","51.98","P"
"09085000","ROARING FORK RIVER AT GLENWOOD SPRINGS, CO.","00010","Water temperature","deg C","2026-03-25T12:30:00.000-06:00","11.3","52.34","P"
"09085000","ROARING FORK RIVER AT GLENWOOD SPRINGS, CO.","00010","Water temperature","deg C","2026-03-25T12:45:00.000-06:00","11.5","52.7","P"
"09085000","ROARING FORK RIVER AT GLENWOOD SPRINGS, CO.","00010","Water temperature","deg C","2026-03-25T13:00:00.000-06:00","11.7","53.06","P"
"09085000","ROARING FORK RIVER AT GLENWOOD SPRINGS, CO.","00010","Water temperature","deg C","2026-03-25T13:15:00.000-06:00","11.9","53.42","P"
"09085000","ROARING FORK RIVER AT GLENWOOD SPRINGS, CO.","00010","Water temperature","deg C","2026-03-25T13:30:00.000-06:00","12.1","53.78","P"
"09085000","ROARING FORK RIVER AT GLENWOOD SPRINGS, CO.","00010","Water temperature","deg C","2026-03-25T13:45:00.000-06:00","12.2","53.96","P"
"09085000","ROARING FORK RIVER AT GLENWOOD SPRINGS, CO.","00010","Water temperature","deg C","2026-03-25T14:00:00.000-06:00","12.4","54.32","P"
"09085000","ROARING FORK RIVER AT GLENWOOD SPRINGS, CO.","00010","Water temperature","deg C","2026-03-25T14:15:00.000-06:00","12.6","54.68","P"
"09085000","ROARING FORK RIVER AT GLENWOOD SPRINGS, CO.","00010","Water temperature","deg C","2026-03-25T14:30:00.000-06:00","12.8","55.04","P"
"09085000","ROARING FORK RIVER AT GLENWOOD SPRINGS, CO.","00010","Water temperature","deg C","2026-03-25T14:45:00.000-06:00","12.9","55.22","P"
"09085000","ROARING FORK RIVER AT GLENWOOD SPRINGS, CO.","00010","Water temperature","deg C","2026-03-25T15:00:00.000-06:00","13.1","55.58","P"
"09085000","ROARING FORK RIVER AT GLENWOOD SPRINGS, CO.","00010","Water temperature","deg C","2026-03-25T15:15:00.000-06:00","13.2","55.76","P"
"09085000","ROARING FORK RIVER AT GLENWOOD SPRINGS, CO.","00010","Water temperature","deg C","2026-03-25T15:30:00.000-06:00","13.3","55.94","P"
"09085000","ROARING FORK RIVER AT GLENWOOD SPRINGS, CO.","00010","Water temperature","deg C","2026-03-25T15:45:00.000-06:00","13.5","56.3","P"
"09085000","ROARING FORK RIVER AT GLENWOOD SPRINGS, CO.","00010","Water temperature","deg C","2026-03-25T16:00:00.000-06:00","13.6","56.48","P"
"09085000","ROARING FORK RIVER AT GLENWOOD SPRINGS, CO.","00010","Water temperature","deg C","2026-03-25T16:15:00.000-06:00","13.7","56.66","P"
"09085000","ROARING FORK RIVER AT GLENWOOD SPRINGS, CO.","00010","Water temperature","deg C","2026-03-25T16:30:00.000-06:00","13.8","56.84","P"
"09085000","ROARING FORK RIVER AT GLENWOOD SPRINGS, CO.","00010","Water temperature","deg C","2026-03-25T16:45:00.000-06:00","13.9","57.02","P"
"09085000","ROARING FORK RIVER AT GLENWOOD SPRINGS, CO.","00010","Water temperature","deg C","2026-03-25T17:00:00.000-06:00","13.9","57.02","P"
"09085000","ROARING FORK RIVER AT GLENWOOD SPRINGS, CO.","00010","Water temperature","deg C","2026-03-25T17:15:00.000-06:00","14","57.2","P"
"09085000","ROARING FORK RIVER AT GLENWOOD SPRINGS, CO.","00010","Water temperature","deg C","2026-03-25T17:30:00.000-06:00","14","57.2","P"
"09085000","ROARING FORK RIVER AT GLENWOOD SPRINGS, CO.","00010","Water temperature","deg C","2026-03-25T17:45:00.000-06:00","14","57.2","P"
"09085000","ROARING FORK RIVER AT GLENWOOD SPRINGS, CO.","00010","Water temperature","deg C","2026-03-25T18:00:00.000-06:00","14","57.2","P"
"09085000","ROARING FORK RIVER AT GLENWOOD SPRINGS, CO.","00010","Water temperature","deg C","2026-03-25T18:15:00.000-06:00","14","57.2","P"
"09085000","ROARING FORK RIVER AT GLENWOOD SPRINGS, CO.","00010","Water temperature","deg C","2026-03-25T18:30:00.000-06:00","14","57.2","P"
"09085000","ROARING FORK RIVER AT GLENWOOD SPRINGS, CO.","00010","Water temperature","deg C","2026-03-25T18:45:00.000-06:00","14","57.2","P"
"09085000","ROARING FORK RIVER AT GLENWOOD SPRINGS, CO.","00010","Water temperature","deg C","2026-03-25T19:00:00.000-06:00","14.1","57.38","P"
"09085000","ROARING FORK RIVER AT GLENWOOD SPRINGS, CO.","00010","Water temperature","deg C","2026-03-25T19:15:00.000-06:00","14.1","57.38","P"
"09085000","ROARING FORK RIVER AT GLENWOOD SPRINGS, CO.","00010","Water temperature","deg C","2026-03-25T19:30:00.000-06:00","14.1","57.38","P"
"09085000","ROARING FORK RIVER AT GLENWOOD SPRINGS, CO.","00010","Water temperature","deg C","2026-03-25T19:45:00.000-06:00","14.1","57.38","P"
"09085000","ROARING FORK RIVER AT GLENWOOD SPRINGS, CO.","00010","Water temperature","deg C","2026-03-25T20:00:00.000-06:00","14","57.2","P"
"09085000","ROARING FORK RIVER AT GLENWOOD SPRINGS, CO.","00010","Water temperature","deg C","2026-03-25T20:15:00.000-06:00","14","57.2","P"
"09085000","ROARING FORK RIVER AT GLENWOOD SPRINGS, CO.","00010","Water temperature","deg C","2026-03-25T20:30:00.000-06:00","14","57.2","P"
"09085000","ROARING FORK RIVER AT GLENWOOD SPRINGS, CO.","00010","Water temperature","deg C","2026-03-25T20:45:00.000-06:00","13.9","57.02","P"
"09085000","ROARING FORK RIVER AT GLENWOOD SPRINGS, CO.","00010","Water temperature","deg C","2026-03-25T21:00:00.000-06:00","13.9","57.02","P"
"09085000","ROARING FORK RIVER AT GLENWOOD SPRINGS, CO.","00010","Water temperature","deg C","2026-03-25T21:15:00.000-06:00","13.9","57.02","P"
"09085000","ROARING FORK RIVER AT GLENWOOD SPRINGS, CO.","00010","Water temperature","deg C","2026-03-25T21:30:00.000-06:00","13.8","56.84","P"
"09085000","ROARING FORK RIVER AT GLENWOOD SPRINGS, CO.","00010","Water temperature","deg C","2026-03-25T21:45:00.000-06:00","13.7","56.66","P"
"09085000","ROARING FORK RIVER AT GLENWOOD SPRINGS, CO.","00010","Water temperature","deg C","2026-03-25T22:00:00.000-06:00","13.7","56.66","P"
"09085000","ROARING FORK RIVER AT GLENWOOD SPRINGS, CO.","00010","Water temperature","deg C","2026-03-25T22:15:00.000-06:00","13.6","56.48","P"
"09085000","ROARING FORK RIVER AT GLENWOOD SPRINGS, CO.","00010","Water temperature","deg C","2026-03-25T22:30:00.000-06:00","13.5","56.3","P"
"09085000","ROARING FORK RIVER AT GLENWOOD SPRINGS, CO.","00010","Water temperature","deg C","2026-03-25T22:45:00.000-06:00","13.4","56.12","P"
"09085000","ROARING FORK RIVER AT GLENWOOD SPRINGS, CO.","00010","Water temperature","deg C","2026-03-25T23:00:00.000-06:00","13.3","55.94","P"
"09085000","ROARING FORK RIVER AT GLENWOOD SPRINGS, CO.","00010","Water temperature","deg C","2026-03-25T23:15:00.000-06:00","13.2","55.76","P"
"09085000","ROARING FORK RIVER AT GLENWOOD SPRINGS, CO.","00010","Water temperature","deg C","2026-03-25T23:30:00.000-06:00","13.1","55.58","P"
"09085000","ROARING FORK RIVER AT GLENWOOD SPRINGS, CO.","00010","Water temperature","deg C","2026-03-25T23:45:00.000-06:00","12.9","55.22","P"
"09085000","ROARING FORK RIVER AT GLENWOOD SPRINGS, CO.","00010","Water temperature","deg C","2026-03-26T00:00:00.000-06:00","12.8","55.04","P"
"09085000","ROARING FORK RIVER AT GLENWOOD SPRINGS, CO.","00010","Water temperature","deg C","2026-03-26T00:15:00.000-06:00","12.7","54.86","P"
"09085000","ROARING FORK RIVER AT GLENWOOD SPRINGS, CO.","00010","Water temperature","deg C","2026-03-26T00:30:00.000-06:00","12.6","54.68","P"
"09085000","ROARING FORK RIVER AT GLENWOOD SPRINGS, CO.","00010","Water temperature","deg C","2026-03-26T00:45:00.000-06:00","12.5","54.5","P"
"09085000","ROARING FORK RIVER AT GLENWOOD SPRINGS, CO.","00010","Water temperature","deg C","2026-03-26T01:00:00.000-06:00","12.4","54.32","P"
"09085000","ROARING FORK RIVER AT GLENWOOD SPRINGS, CO.","00010","Water temperature","deg C","2026-03-26T01:15:00.000-06:00","12.3","54.14","P"
"09085000","ROARING FORK RIVER AT GLENWOOD SPRINGS, CO.","00010","Water temperature","deg C","2026-03-26T01:30:00.000-06:00","12.2","53.96","P"
"09085000","ROARING FORK RIVER AT GLENWOOD SPRINGS, CO.","00010","Water temperature","deg C","2026-03-26T01:45:00.000-06:00","12.1","53.78","P"
"09085000","ROARING FORK RIVER AT GLENWOOD SPRINGS, CO.","00010","Water temperature","deg C","2026-03-26T02:00:00.000-06:00","12","53.6","P"
"09085000","ROARING FORK RIVER AT GLENWOOD SPRINGS, CO.","00010","Water temperature","deg C","2026-03-26T02:15:00.000-06:00","11.9","53.42","P"
"09085000","ROARING FORK RIVER AT GLENWOOD SPRINGS, CO.","00010","Water temperature","deg C","2026-03-26T02:30:00.000-06:00","11.8","53.24","P"
"09085000","ROARING FORK RIVER AT GLENWOOD SPRINGS, CO.","00010","Water temperature","deg C","2026-03-26T02:45:00.000-06:00","11.7","53.06","P"
"09085000","ROARING FORK RIVER AT GLENWOOD SPRINGS, CO.","00010","Water temperature","deg C","2026-03-26T03:00:00.000-06:00","11.6","52.88","P"
"09085000","ROARING FORK RIVER AT GLENWOOD SPRINGS, CO.","00010","Water temperature","deg C","2026-03-26T03:15:00.000-06:00","11.5","52.7","P"
"09085000","ROARING FORK RIVER AT GLENWOOD SPRINGS, CO.","00010","Water temperature","deg C","2026-03-26T03:30:00.000-06:00","11.4","52.52","P"
"09085000","ROARING FORK RIVER AT GLENWOOD SPRINGS, CO.","00010","Water temperature","deg C","2026-03-26T03:45:00.000-06:00","11.3","52.34","P"
"09085000","ROARING FORK RIVER AT GLENWOOD SPRINGS, CO.","00010","Water temperature","deg C","2026-03-26T04:00:00.000-06:00","11.2","52.16","P"
"09085000","ROARING FORK RIVER AT GLENWOOD SPRINGS, CO.","00010","Water temperature","deg C","2026-03-26T04:15:00.000-06:00","11.1","51.98","P"
"09085000","ROARING FORK RIVER AT GLENWOOD SPRINGS, CO.","00010","Water temperature","deg C","2026-03-26T04:30:00.000-06:00","11","51.8","P"
"09085000","ROARING FORK RIVER AT GLENWOOD SPRINGS, CO.","00010","Water temperature","deg C","2026-03-26T04:45:00.000-06:00","10.9","51.62","P"
"09085000","ROARING FORK RIVER AT GLENWOOD SPRINGS, CO.","00010","Water temperature","deg C","2026-03-26T05:00:00.000-06:00","10.8","51.44","P"
"09085000","ROARING FORK RIVER AT GLENWOOD SPRINGS, CO.","00010","Water temperature","deg C","2026-03-26T05:15:00.000-06:00","10.7","51.26","P"
"09085000","ROARING FORK RIVER AT GLENWOOD SPRINGS, CO.","00010","Water temperature","deg C","2026-03-26T05:30:00.000-06:00","10.6","51.08","P"
"09085000","ROARING FORK RIVER AT GLENWOOD SPRINGS, CO.","00010","Water temperature","deg C","2026-03-26T05:45:00.000-06:00","10.5","50.9","P"
"09085000","ROARING FORK RIVER AT GLENWOOD SPRINGS, CO.","00010","Water temperature","deg C","2026-03-26T06:00:00.000-06:00","10.4","50.72","P"
"09085000","ROARING FORK RIVER AT GLENWOOD SPRINGS, CO.","00010","Water temperature","deg C","2026-03-26T06:15:00.000-06:00","10.3","50.54","P"
"09085000","ROARING FORK RIVER AT GLENWOOD SPRINGS, CO.","00010","Water temperature","deg C","2026-03-26T06:30:00.000-06:00","10.2","50.36","P"
"09085000","ROARING FORK RIVER AT GLENWOOD SPRINGS, CO.","00010","Water temperature","deg C","2026-03-26T06:45:00.000-06:00","10","50","P"
"09085000","ROARING FORK RIVER AT GLENWOOD SPRINGS, CO.","00010","Water temperature","deg C","2026-03-26T07:00:00.000-06:00","9.9","49.82","P"
"09085000","ROARING FORK RIVER AT GLENWOOD SPRINGS, CO.","00010","Water temperature","deg C","2026-03-26T07:15:00.000-06:00","9.8","49.64","P"
"09085000","ROARING FORK RIVER AT GLENWOOD SPRINGS, CO.","00010","Water temperature","deg C","2026-03-26T07:30:00.000-06:00","9.7","49.46","P"
"09085000","ROARING FORK RIVER AT GLENWOOD SPRINGS, CO.","00010","Water temperature","deg C","2026-03-26T07:45:00.000-06:00","9.7","49.46","P"
"09085000","ROARING FORK RIVER AT GLENWOOD SPRINGS, CO.","00010","Water temperature","deg C","2026-03-26T08:00:00.000-06:00","9.6","49.28","P"
"09085000","ROARING FORK RIVER AT GLENWOOD SPRINGS, CO.","00010","Water temperature","deg C","2026-03-26T08:15:00.000-06:00","9.5","49.1","P"
"09085000","ROARING FORK RIVER AT GLENWOOD SPRINGS, CO.","00010","Water temperature","deg C","2026-03-26T08:30:00.000-06:00","9.4","48.92","P"
"09085000","ROARING FORK RIVER AT GLENWOOD SPRINGS, CO.","00010","Water temperature","deg C","2026-03-26T08:45:00.000-06:00","9.4","48.92","P"
"09085000","ROARING FORK RIVER AT GLENWOOD SPRINGS, CO.","00010","Water temperature","deg C","2026-03-26T09:00:00.000-06:00","9.5","49.1","P"
"09085000","ROARING FORK RIVER AT GLENWOOD SPRINGS, CO.","00010","Water temperature","deg C","2026-03-26T09:15:00.000-06:00","9.5","49.1","P"
"09085000","ROARING FORK RIVER AT GLENWOOD SPRINGS, CO.","00010","Water temperature","deg C","2026-03-26T09:30:00.000-06:00","9.5","49.1","P"
"09085000","ROARING FORK RIVER AT GLENWOOD SPRINGS, CO.","00010","Water temperature","deg C","2026-03-26T09:45:00.000-06:00","9.6","49.28","P"
"09085000","ROARING FORK RIVER AT GLENWOOD SPRINGS, CO.","00010","Water temperature","deg C","2026-03-26T10:00:00.000-06:00","9.6","49.28","P"
"09085000","ROARING FORK RIVER AT GLENWOOD SPRINGS, CO.","00010","Water temperature","deg C","2026-03-26T10:15:00.000-06:00","9.6","49.28","P"
"09085000","ROARING FORK RIVER AT GLENWOOD SPRINGS, CO.","00010","Water temperature","deg C","2026-03-26T10:30:00.000-06:00","9.7","49.46","P"
"09085000","ROARING FORK RIVER AT GLENWOOD SPRINGS, CO.","00010","Water temperature","deg C","2026-03-26T10:45:00.000-06:00","9.8","49.64","P"
"09085000","ROARING FORK RIVER AT GLENWOOD SPRINGS, CO.","00010","Water temperature","deg C","2026-03-26T11:00:00.000-06:00","10","50","P"
"09085000","ROARING FORK RIVER AT GLENWOOD SPRINGS, CO.","00010","Water temperature","deg C","2026-03-26T11:15:00.000-06:00","10.1","50.18","P"
"09085000","ROARING FORK RIVER AT GLENWOOD SPRINGS, CO.","00010","Water temperature","deg C","2026-03-26T11:30:00.000-06:00","10.2","50.36","P"
"09085000","ROARING FORK RIVER AT GLENWOOD SPRINGS, CO.","00010","Water temperature","deg C","2026-03-26T11:45:00.000-06:00","10.4","50.72","P"
"09085000","ROARING FORK RIVER AT GLENWOOD SPRINGS, CO.","00010","Water temperature","deg C","2026-03-26T12:00:00.000-06:00","10.6","51.08","P"
"09085000","ROARING FORK RIVER AT GLENWOOD SPRINGS, CO.","00010","Water temperature","deg C","2026-03-26T12:15:00.000-06:00","10.7","51.26","P"
"09085000","ROARING FORK RIVER AT GLENWOOD SPRINGS, CO.","00010","Water temperature","deg C","2026-03-26T12:30:00.000-06:00","10.9","51.62","P"
"09085000","ROARING FORK RIVER AT GLENWOOD SPRINGS, CO.","00010","Water temperature","deg C","2026-03-26T12:45:00.000-06:00","11","51.8","P"
"09085000","ROARING FORK RIVER AT GLENWOOD SPRINGS, CO.","00010","Water temperature","deg C","2026-03-26T13:00:00.000-06:00","11.2","52.16","P"
"09085000","ROARING FORK RIVER AT GLENWOOD SPRINGS, CO.","00010","Water temperature","deg C","2026-03-26T13:15:00.000-06:00","11.4","52.52","P"
"09085000","ROARING FORK RIVER AT GLENWOOD SPRINGS, CO.","00010","Water temperature","deg C","2026-03-26T13:30:00.000-06:00","11.6","52.88","P"
"09085000","ROARING FORK RIVER AT GLENWOOD SPRINGS, CO.","00010","Water temperature","deg C","2026-03-26T13:45:00.000-06:00","11.8","53.24","P"
"09085000","ROARING FORK RIVER AT GLENWOOD SPRINGS, CO.","00010","Water temperature","deg C","2026-03-26T14:00:00.000-06:00","11.9","53.42","P"
"09085000","ROARING FORK RIVER AT GLENWOOD SPRINGS, CO.","00010","Water temperature","deg C","2026-03-26T14:15:00.000-06:00","11.8","53.24","P"
"09085000","ROARING FORK RIVER AT GLENWOOD SPRINGS, CO.","00010","Water temperature","deg C","2026-03-26T14:30:00.000-06:00","11.7","53.06","P"
"09085000","ROARING FORK RIVER AT GLENWOOD SPRINGS, CO.","00010","Water temperature","deg C","2026-03-26T14:45:00.000-06:00","11.6","52.88","P"
